order_id,customer_id,order_date,order_status
O00001,C0326,7/17/2025,Delivered
O00002,C0431,4/14/2025,Delivered
O00003,C0091,3/1/2026,Cancelled
O00004,C0161,10/29/2025,Delivered
O00005,C0172,11/11/2025,Delivered
O00006,C0181,3/19/2026,Delivered
O00007,C0123,7/31/2026,Pending
O00008,C0028,6/25/2025,Delivered
O00009,C0263,1/5/2025,Delivered
O00010,C0179,3/17/2026,Pending
O00011,C0172,1/1/2025,Delivered
O00012,C0133,2/10/2025,Delivered
O00013,C0465,8/26/2026,Delivered
O00014,C0306,6/9/2026,Cancelled
O00015,C0210,3/7/2026,Cancelled
O00016,C0103,5/24/2026,Cancelled
O00017,C0401,2/15/2025,Delivered
O00018,C0445,2/24/2025,Delivered
O00019,C0017,7/2/2025,Pending
O00020,C0465,1/15/2025,Pending
O00022,C0050,2/4/2025,Cancelled
O00023,C0377,11/27/2025,Pending
O00024,C0054,6/4/2026,Delivered
O00025,C0026,3/23/2026,Cancelled
O00026,C0058,5/23/2025,Delivered
O00027,C0230,10/13/2025,Delivered
O00028,C0310,11/30/2025,Delivered
O00029,C0204,4/12/2026,Delivered
O00030,C0061,9/17/2025,Pending
O00031,C0100,6/23/2025,Cancelled
O00032,C0427,4/29/2026,Cancelled
O00033,C0482,6/23/2026,Delivered
O00034,C0378,10/25/2025,Pending
O00035,C0052,1/18/2025,Delivered
O00036,C0410,11/1/2025,Pending
O00037,C0346,6/25/2026,Delivered
O00038,C0264,8/25/2026,Delivered
O00039,C0072,9/1/2025,Delivered
O00040,C0499,4/2/2025,Cancelled
O00041,C0222,12/14/2025,Delivered
O00042,C0023,5/21/2026,Delivered
O00043,C0105,7/29/2026,Delivered
O00044,C0201,2/1/2025,Cancelled
O00045,C0032,6/26/2025,Delivered
O00046,C0162,10/18/2025,Delivered
O00047,C0235,3/1/2025,Delivered
O00048,C0475,6/23/2026,Delivered
O00049,C0044,3/10/2025,Cancelled
O00050,C0289,2/9/2026,Cancelled
O00051,C0458,7/13/2026,Delivered
O00052,C0404,2/21/2026,Cancelled
O00053,C0463,4/10/2026,Delivered
O00054,C0086,6/10/2025,Cancelled
O00055,C0401,5/19/2026,Delivered
O00056,C0490,9/12/2025,Delivered
O00057,C0164,2/7/2025,Delivered
O00058,C0250,8/11/2025,Delivered
O00059,C0266,8/1/2025,Cancelled
O00060,C0247,11/14/2025,Pending
O00061,C0145,6/11/2025,Pending
O00062,C0486,10/9/2025,Delivered
O00063,C0479,9/18/2025,Delivered
O00064,C0191,7/18/2025,Delivered
O00065,C0403,2/28/2026,Cancelled
O00066,C0199,7/5/2025,Delivered
O00067,C0398,4/11/2026,Delivered
O00068,C0293,6/2/2025,Delivered
O00069,C0236,6/10/2026,Delivered
O00070,C0065,8/10/2025,Delivered
O00071,C0328,1/25/2025,Cancelled
O00072,C0161,4/2/2025,Delivered
O00073,C0109,5/6/2026,Pending
O00074,C0097,6/15/2026,Pending
O00075,C0491,5/9/2025,Delivered
O00076,C0052,1/2/2026,Pending
O00077,C0400,12/16/2025,Delivered
O00078,C0434,3/23/2025,Pending
O00079,C0016,10/2/2025,Delivered
O00080,C0295,2/26/2026,Delivered
O00081,C0289,8/12/2026,Delivered
O00082,C0180,5/31/2026,Delivered
O00083,C0334,3/1/2025,Delivered
O00084,C0205,5/25/2025,Cancelled
O00085,C0220,9/23/2025,Delivered
O00086,C0216,4/2/2025,Pending
O00087,C0401,12/13/2025,Pending
O00088,C0317,1/6/2025,Delivered
O00089,C0190,3/11/2025,Delivered
O00090,C0464,1/29/2025,Cancelled
O00091,C0402,6/29/2025,Delivered
O00092,C0467,4/9/2026,Cancelled
O00093,C0366,4/18/2025,Delivered
O00094,C0196,8/24/2026,Cancelled
O00095,C0387,6/13/2025,Delivered
O00096,C0165,1/28/2025,Cancelled
O00097,C0136,7/23/2025,Cancelled
O00098,C0226,3/31/2026,Delivered
O00099,C0485,3/6/2025,Cancelled
O00100,C0284,2/13/2025,Delivered
O00101,C0192,6/1/2026,Delivered
O00102,C0231,12/27/2025,Delivered
O00103,C0146,7/28/2025,Pending
O00104,C0330,4/5/2026,Delivered
O00105,C0176,5/29/2026,Pending
O00106,C0278,8/7/2025,Pending
O00107,C0185,12/8/2025,Delivered
O00108,C0161,1/7/2025,Cancelled
O00109,C0486,7/6/2025,Delivered
O00110,C0173,12/28/2025,Delivered
O00111,C0036,4/30/2025,Delivered
O00112,C0190,8/26/2026,Pending
O00113,C0267,8/14/2026,Delivered
O00114,C0048,6/6/2025,Cancelled
O00115,C0153,8/29/2025,Cancelled
O00116,C0084,4/26/2025,Cancelled
O00117,C0251,11/3/2025,Delivered
O00118,C0362,3/17/2025,Delivered
O00119,C0485,8/26/2025,Delivered
O00120,C0195,12/4/2025,Pending
O00121,C0432,1/8/2026,Pending
O00122,C0108,12/29/2025,Delivered
O00123,C0391,5/15/2025,Pending
O00124,C0282,4/27/2026,Delivered
O00125,C0380,2/25/2026,Delivered
O00126,C0378,4/3/2026,Delivered
O00127,C0267,10/12/2025,Cancelled
O00128,C0129,6/27/2026,Cancelled
O00129,C0264,8/26/2025,Pending
O00130,C0414,5/5/2026,Cancelled
O00131,C0486,5/4/2025,Delivered
O00132,C0464,5/31/2025,Delivered
O00133,C0091,11/17/2025,Cancelled
O00134,C0299,12/4/2025,Delivered
O00135,C0053,3/30/2026,Delivered
O00136,C0335,6/30/2025,Pending
O00137,C0497,6/15/2026,Cancelled
O00138,C0027,7/20/2025,Cancelled
O00139,C0329,11/21/2025,Delivered
O00140,C0473,7/21/2026,Delivered
O00141,C0424,11/24/2025,Delivered
O00142,C0197,2/19/2026,Pending
O00143,C0052,7/7/2026,Cancelled
O00144,C0462,8/16/2026,Cancelled
O00145,C0461,10/31/2025,Delivered
O00146,C0290,9/11/2025,Pending
O00147,C0490,4/30/2025,Delivered
O00148,C0003,11/23/2025,Pending
O00149,C0309,7/13/2026,Delivered
O00150,C0020,10/24/2025,Pending
O00151,C0468,7/31/2025,Pending
O00152,C0341,3/7/2025,Cancelled
O00153,C0457,8/25/2025,Pending
O00154,C0282,5/24/2025,Cancelled
O00155,C0042,8/17/2026,Pending
O00156,C0014,11/17/2025,Delivered
O00157,C0168,3/25/2025,Delivered
O00158,C0372,2/10/2025,Delivered
O00159,C0076,6/2/2026,Pending
O00160,C0427,7/21/2026,Cancelled
O00161,C0120,4/9/2026,Delivered
O00162,C0249,3/17/2025,Delivered
O00163,C0102,3/1/2025,Cancelled
O00164,C0233,5/1/2025,Pending
O00165,C0227,4/2/2026,Pending
O00166,C0003,4/11/2026,Delivered
O00167,C0284,5/25/2026,Delivered
O00168,C0394,2/28/2025,Delivered
O00169,C0469,4/4/2025,Cancelled
O00170,C0166,7/2/2026,Delivered
O00171,C0441,7/19/2026,Pending
O00172,C0440,3/18/2026,Delivered
O00173,C0495,3/6/2025,Cancelled
O00174,C0187,2/11/2025,Delivered
O00175,C0426,2/3/2025,Pending
O00176,C0283,2/25/2026,Delivered
O00177,C0030,5/30/2026,Delivered
O00178,C0136,1/20/2026,Pending
O00179,C0337,6/9/2025,Pending
O00180,C0081,4/6/2026,Delivered
O00181,C0218,2/5/2025,Delivered
O00182,C0388,5/19/2026,Delivered
O00183,C0075,6/27/2026,Pending
O00184,C0249,3/13/2026,Delivered
O00185,C0108,6/19/2026,Delivered
O00186,C0269,12/23/2025,Delivered
O00187,C0121,10/12/2025,Delivered
O00188,C0483,7/16/2025,Delivered
O00189,C0039,7/15/2026,Cancelled
O00190,C0482,2/28/2026,Cancelled
O00191,C0396,4/26/2025,Delivered
O00192,C0428,8/5/2026,Cancelled
O00193,C0426,2/5/2025,Cancelled
O00194,C0094,12/24/2025,Delivered
O00195,C0466,4/26/2025,Cancelled
O00196,C0298,2/8/2026,Delivered
O00197,C0482,9/8/2025,Pending
O00198,C0440,9/23/2025,Delivered
O00199,C0290,2/13/2026,Delivered
O00200,C0188,4/5/2026,Delivered
O00201,C0059,8/20/2025,Delivered
O00202,C0051,8/30/2026,Pending
O00203,C0195,10/31/2025,Cancelled
O00204,C0406,4/8/2025,Delivered
O00205,C0253,1/4/2025,Delivered
O00206,C0241,5/4/2025,Pending
O00207,C0123,2/25/2026,Delivered
O00208,C0283,11/24/2025,Delivered
O00209,C0320,7/25/2025,Delivered
O00210,C0492,10/20/2025,Delivered
O00211,C0365,5/25/2026,Cancelled
O00212,C0304,12/14/2025,Delivered
O00213,C0456,2/5/2025,Delivered
O00214,C0213,1/30/2025,Delivered
O00215,C0468,10/21/2025,Pending
O00216,C0185,9/3/2025,Pending
O00217,C0064,6/2/2026,Delivered
O00218,C0209,12/21/2025,Delivered
O00219,C0065,4/6/2026,Delivered
O00220,C0060,12/22/2025,Pending
O00221,C0441,7/29/2025,Delivered
O00222,C0398,2/4/2026,Pending
O00223,C0111,1/13/2026,Cancelled
O00224,C0419,3/14/2026,Delivered
O00225,C0035,4/26/2025,Delivered
O00226,C0143,1/26/2026,Delivered
O00227,C0354,6/23/2025,Delivered
O00228,C0152,4/26/2026,Delivered
O00229,C0366,5/1/2026,Delivered
O00230,C0438,1/15/2026,Delivered
O00231,C0034,7/30/2026,Delivered
O00232,C0012,11/23/2025,Cancelled
O00233,C0471,1/16/2025,Pending
O00234,C0261,1/4/2026,Delivered
O00235,C0254,4/18/2026,Delivered
O00236,C0232,3/3/2025,Pending
O00237,C0217,3/5/2025,Delivered
O00238,C0346,6/16/2025,Cancelled
O00239,C0290,5/29/2026,Delivered
O00240,C0082,11/17/2025,Delivered
O00241,C0314,8/17/2026,Delivered
O00242,C0335,6/15/2026,Cancelled
O00243,C0057,12/4/2025,Cancelled
O00244,C0189,2/17/2026,Delivered
O00245,C0396,7/21/2025,Delivered
O00246,C0310,2/24/2025,Pending
O00247,C0069,8/31/2025,Pending
O00248,C0021,12/27/2025,Delivered
O00249,C0291,4/21/2025,Delivered
O00250,C0231,5/15/2025,Pending
O00251,C0481,1/10/2025,Delivered
O00252,C0262,3/23/2026,Pending
O00253,C0466,7/1/2026,Cancelled
O00254,C0108,5/19/2026,Pending
O00255,C0224,8/20/2025,Delivered
O00256,C0070,12/27/2025,Delivered
O00257,C0288,8/8/2026,Delivered
O00258,C0095,12/26/2025,Pending
O00259,C0247,6/29/2025,Delivered
O00260,C0173,7/25/2025,Delivered
O00261,C0093,3/19/2026,Delivered
O00262,C0049,9/29/2025,Cancelled
O00263,C0257,5/25/2026,Pending
O00264,C0474,6/10/2026,Delivered
O00265,C0100,1/22/2025,Delivered
O00266,C0203,3/16/2026,Delivered
O00267,C0113,8/13/2025,Pending
O00268,C0405,11/13/2025,Delivered
O00269,C0208,6/10/2025,Delivered
O00270,C0488,8/12/2025,Delivered
O00271,C0123,7/20/2025,Delivered
O00272,C0041,1/31/2025,Delivered
O00273,C0292,4/21/2026,Delivered
O00274,C0326,3/28/2025,Pending
O00275,C0496,8/17/2025,Delivered
O00276,C0436,4/28/2025,Delivered
O00277,C0443,4/8/2025,Cancelled
O00278,C0318,8/16/2025,Cancelled
O00279,C0180,7/13/2026,Delivered
O00280,C0215,7/29/2026,Delivered
O00281,C0067,8/21/2025,Delivered
O00282,C0216,11/4/2025,Cancelled
O00283,C0183,8/23/2026,Cancelled
O00284,C0018,5/23/2025,Cancelled
O00285,C0103,7/29/2026,Cancelled
O00286,C0268,3/6/2025,Delivered
O00287,C0185,5/18/2025,Delivered
O00288,C0497,7/25/2025,Cancelled
O00289,C0240,1/23/2025,Delivered
O00290,C0480,5/11/2026,Pending
O00291,C0331,6/5/2026,Pending
O00292,C0021,8/22/2025,Pending
O00293,C0102,5/24/2026,Pending
O00294,C0353,4/15/2026,Delivered
O00295,C0273,5/3/2026,Delivered
O00296,C0151,5/4/2026,Delivered
O00297,C0262,12/15/2025,Cancelled
O00298,C0452,3/9/2025,Cancelled
O00299,C0195,7/16/2026,Delivered
O00300,C0023,1/6/2026,Delivered
O00301,C0156,7/2/2026,Delivered
O00302,C0468,8/7/2026,Pending
O00303,C0381,4/24/2025,Delivered
O00304,C0419,9/2/2025,Delivered
O00305,C0456,4/28/2025,Delivered
O00306,C0059,1/31/2025,Pending
O00307,C0142,8/11/2026,Delivered
O00308,C0030,7/16/2026,Delivered
O00309,C0003,7/21/2026,Delivered
O00310,C0418,6/22/2026,Delivered
O00311,C0469,1/30/2026,Delivered
O00312,C0078,11/14/2025,Pending
O00313,C0362,8/26/2026,Delivered
O00314,C0268,12/2/2025,Pending
O00315,C0035,1/26/2026,Cancelled
O00316,C0458,5/9/2025,Pending
O00317,C0436,3/30/2026,Delivered
O00318,C0284,5/14/2026,Pending
O00319,C0354,2/17/2026,Delivered
O00320,C0199,10/31/2025,Delivered
O00321,C0397,5/1/2025,Cancelled
O00322,C0223,1/21/2025,Delivered
O00323,C0495,1/17/2026,Delivered
O00324,C0032,2/20/2026,Delivered
O00325,C0087,4/15/2026,Delivered
O00326,C0485,8/1/2026,Delivered
O00327,C0145,10/30/2025,Pending
O00328,C0156,5/20/2026,Delivered
O00329,C0396,3/12/2026,Delivered
O00330,C0095,6/18/2025,Pending
O00331,C0257,5/29/2026,Cancelled
O00332,C0144,2/2/2025,Delivered
O00333,C0099,12/31/2025,Delivered
O00334,C0483,7/26/2026,Delivered
O00335,C0100,2/5/2026,Delivered
O00336,C0048,7/24/2026,Delivered
O00337,C0337,2/4/2025,Cancelled
O00338,C0434,11/20/2025,Delivered
O00339,C0064,4/20/2026,Delivered
O00340,C0354,1/26/2026,Delivered
O00341,C0271,6/20/2026,Delivered
O00342,C0416,10/9/2025,Cancelled
O00343,C0064,2/20/2026,Delivered
O00344,C0488,9/13/2025,Delivered
O00345,C0310,6/15/2026,Delivered
O00346,C0422,3/14/2025,Cancelled
O00347,C0181,6/4/2025,Delivered
O00348,C0472,2/28/2025,Pending
O00349,C0314,3/3/2026,Pending
O00350,C0064,5/22/2025,Cancelled
O00351,C0462,7/12/2025,Delivered
O00352,C0398,5/24/2026,Cancelled
O00353,C0151,8/7/2025,Delivered
O00354,C0273,3/30/2025,Delivered
O00355,C0195,1/13/2025,Delivered
O00356,C0272,5/18/2025,Delivered
O00357,C0483,7/11/2026,Pending
O00358,C0450,11/30/2025,Delivered
O00359,C0108,8/28/2026,Delivered
O00360,C0486,5/11/2025,Pending
O00361,C0219,8/2/2025,Delivered
O00362,C0353,4/10/2025,Cancelled
O00363,C0383,8/31/2025,Delivered
O00364,C0242,12/9/2025,Delivered
O00365,C0229,5/7/2026,Cancelled
O00366,C0229,8/12/2025,Delivered
O00367,C0432,4/15/2026,Delivered
O00368,C0194,1/16/2026,Pending
O00369,C0140,6/27/2025,Delivered
O00370,C0181,7/9/2026,Cancelled
O00371,C0098,9/22/2025,Delivered
O00372,C0196,4/2/2025,Delivered
O00373,C0058,8/9/2026,Cancelled
O00374,C0045,7/10/2026,Pending
O00375,C0362,1/31/2025,Delivered
O00376,C0039,7/3/2026,Cancelled
O00377,C0285,7/31/2026,Pending
O00378,C0390,5/20/2026,Cancelled
O00379,C0363,6/5/2025,Delivered
O00380,C0224,1/19/2026,Delivered
O00381,C0097,11/24/2025,Delivered
O00382,C0466,1/13/2026,Delivered
O00383,C0418,1/10/2026,Cancelled
O00384,C0307,1/24/2026,Pending
O00385,C0044,11/9/2025,Delivered
O00386,C0018,2/24/2026,Delivered
O00387,C0158,11/17/2025,Cancelled
O00388,C0079,1/11/2025,Delivered
O00389,C0431,1/22/2025,Delivered
O00390,C0103,8/6/2026,Delivered
O00391,C0142,7/7/2026,Delivered
O00392,C0488,12/23/2025,Delivered
O00393,C0410,4/17/2025,Delivered
O00394,C0110,4/21/2026,Pending
O00395,C0192,3/29/2025,Delivered
O00396,C0258,8/18/2025,Delivered
O00397,C0333,7/20/2025,Delivered
O00398,C0469,1/8/2025,Pending
O00399,C0436,5/6/2026,Delivered
O00400,C0489,11/6/2025,Delivered
O00401,C0021,7/12/2025,Cancelled
O00402,C0119,11/5/2025,Delivered
O00403,C0282,1/1/2025,Cancelled
O00404,C0025,9/23/2025,Delivered
O00405,C0178,11/12/2025,Delivered
O00406,C0077,7/26/2025,Pending
O00407,C0467,5/20/2026,Cancelled
O00408,C0032,6/1/2025,Delivered
O00409,C0075,3/25/2025,Delivered
O00410,C0098,11/17/2025,Delivered
O00411,C0075,6/24/2026,Cancelled
O00412,C0285,8/17/2025,Cancelled
O00413,C0183,1/29/2025,Delivered
O00414,C0457,8/13/2026,Delivered
O00415,C0131,9/28/2025,Delivered
O00416,C0269,4/16/2025,Delivered
O00417,C0331,1/10/2026,Delivered
O00418,C0313,7/14/2025,Delivered
O00419,C0399,7/25/2026,Delivered
O00420,C0101,6/28/2025,Pending
O00421,C0254,12/1/2025,Cancelled
O00422,C0401,11/27/2025,Delivered
O00423,C0432,5/28/2025,Pending
O00424,C0309,10/31/2025,Delivered
O00425,C0326,3/8/2025,Pending
O00426,C0433,1/27/2026,Delivered
O00427,C0313,4/7/2026,Delivered
O00428,C0475,8/1/2026,Delivered
O00429,C0064,7/18/2025,Cancelled
O00430,C0174,6/23/2025,Delivered
O00431,C0057,11/30/2025,Pending
O00432,C0046,2/26/2026,Delivered
O00433,C0236,8/27/2026,Delivered
O00434,C0113,1/16/2025,Delivered
O00435,C0204,5/25/2025,Pending
O00436,C0219,6/9/2025,Delivered
O00437,C0311,6/5/2025,Cancelled
O00438,C0473,10/9/2025,Pending
O00439,C0425,6/15/2026,Delivered
O00440,C0190,1/19/2025,Delivered
O00441,C0163,5/12/2026,Delivered
O00442,C0386,1/11/2026,Delivered
O00443,C0062,1/10/2026,Pending
O00444,C0271,2/17/2026,Pending
O00445,C0212,3/12/2025,Delivered
O00446,C0092,3/31/2026,Pending
O00447,C0309,5/31/2025,Delivered
O00448,C0161,11/11/2025,Cancelled
O00449,C0093,2/16/2026,Delivered
O00450,C0327,1/3/2026,Delivered
O00451,C0088,7/16/2025,Delivered
O00452,C0337,8/29/2025,Delivered
O00453,C0082,10/17/2025,Delivered
O00454,C0218,1/26/2025,Delivered
O00455,C0404,3/18/2026,Delivered
O00456,C0115,3/2/2025,Delivered
O00457,C0384,10/6/2025,Pending
O00458,C0361,2/3/2026,Delivered
O00459,C0452,2/18/2025,Delivered
O00460,C0085,8/29/2026,Delivered
O00461,C0358,8/18/2025,Pending
O00462,C0469,1/10/2025,Delivered
O00463,C0382,2/5/2026,Pending
O00464,C0094,12/6/2025,Cancelled
O00465,C0412,1/25/2026,Cancelled
O00466,C0054,4/2/2026,Delivered
O00467,C0295,10/17/2025,Delivered
O00468,C0249,5/18/2026,Delivered
O00469,C0266,8/14/2025,Pending
O00470,C0260,11/28/2025,Cancelled
O00471,C0016,4/7/2025,Cancelled
O00472,C0255,1/12/2026,Pending
O00473,C0469,6/9/2025,Delivered
O00474,C0219,2/28/2026,Delivered
O00475,C0139,5/3/2026,Pending
O00476,C0498,6/7/2026,Delivered
O00477,C0050,7/19/2026,Delivered
O00478,C0244,3/16/2025,Delivered
O00479,C0257,3/25/2025,Pending
O00480,C0239,7/18/2026,Delivered
O00481,C0461,8/20/2025,Delivered
O00482,C0211,1/16/2025,Cancelled
O00483,C0487,6/24/2025,Delivered
O00484,C0034,5/24/2026,Delivered
O00485,C0367,8/4/2025,Pending
O00486,C0297,2/16/2025,Delivered
O00487,C0121,3/16/2026,Cancelled
O00488,C0114,4/29/2025,Delivered
O00489,C0360,8/3/2025,Delivered
O00490,C0319,1/3/2025,Delivered
O00491,C0306,1/2/2026,Cancelled
O00492,C0026,9/28/2025,Delivered
O00493,C0299,6/12/2026,Delivered
O00494,C0491,7/23/2025,Delivered
O00495,C0009,5/5/2025,Delivered
O00496,C0235,4/11/2025,Pending
O00497,C0248,5/2/2025,Cancelled
O00498,C0449,10/2/2025,Cancelled
O00499,C0142,2/22/2025,Delivered
O00500,C0238,9/2/2025,Delivered
O00501,C0359,6/4/2026,Cancelled
O00502,C0031,4/12/2026,Delivered
O00503,C0401,1/23/2026,Delivered
O00504,C0412,6/28/2026,Cancelled
O00505,C0360,4/20/2026,Cancelled
O00506,C0325,2/1/2026,Delivered
O00507,C0374,6/9/2026,Cancelled
O00508,C0391,3/17/2025,Delivered
O00509,C0452,5/13/2026,Delivered
O00510,C0215,6/29/2025,Cancelled
O00511,C0229,3/22/2026,Pending
O00512,C0319,7/10/2026,Delivered
O00513,C0097,10/29/2025,Delivered
O00514,C0429,2/23/2025,Delivered
O00515,C0386,8/14/2025,Delivered
O00516,C0316,9/5/2025,Delivered
O00517,C0151,7/24/2026,Delivered
O00518,C0174,7/28/2026,Delivered
O00519,C0218,12/12/2025,Delivered
O00520,C0332,8/2/2026,Delivered
O00521,C0390,9/23/2025,Cancelled
O00522,C0336,9/8/2025,Pending
O00523,C0465,5/24/2026,Delivered
O00524,C0481,2/10/2026,Delivered
O00525,C0353,11/14/2025,Delivered
O00526,C0186,10/5/2025,Delivered
O00527,C0300,3/6/2026,Pending
O00528,C0213,4/4/2026,Cancelled
O00529,C0315,10/26/2025,Delivered
O00530,C0407,1/20/2025,Delivered
O00531,C0185,3/3/2025,Delivered
O00532,C0253,3/29/2025,Delivered
O00533,C0023,10/8/2025,Cancelled
O00534,C0369,1/9/2026,Delivered
O00535,C0245,5/4/2026,Delivered
O00536,C0230,5/22/2025,Cancelled
O00537,C0267,4/24/2026,Pending
O00538,C0108,2/9/2026,Delivered
O00539,C0299,2/1/2025,Pending
O00540,C0373,8/2/2025,Cancelled
O00541,C0175,7/4/2025,Cancelled
O00542,C0066,6/24/2026,Pending
O00543,C0194,7/15/2026,Delivered
O00544,C0100,5/14/2026,Cancelled
O00545,C0187,11/18/2025,Pending
O00546,C0314,10/27/2025,Pending
O00547,C0057,7/9/2025,Delivered
O00548,C0374,4/15/2026,Cancelled
O00549,C0113,2/22/2025,Pending
O00550,C0448,6/14/2025,Pending
O00551,C0367,3/24/2025,Pending
O00552,C0137,10/28/2025,Pending
O00553,C0282,7/2/2025,Delivered
O00554,C0056,5/1/2025,Cancelled
O00555,C0050,8/17/2025,Delivered
O00556,C0479,6/8/2026,Pending
O00557,C0402,12/6/2025,Pending
O00558,C0078,5/16/2026,Pending
O00559,C0142,7/10/2026,Delivered
O00560,C0099,7/3/2026,Delivered
O00561,C0198,8/2/2025,Delivered
O00562,C0146,6/18/2026,Cancelled
O00563,C0165,7/7/2026,Delivered
O00564,C0265,8/7/2026,Delivered
O00565,C0095,8/2/2025,Cancelled
O00566,C0442,5/19/2025,Pending
O00567,C0364,12/22/2025,Delivered
O00568,C0381,7/21/2026,Delivered
O00569,C0085,7/2/2026,Cancelled
O00570,C0355,12/14/2025,Pending
O00571,C0419,4/1/2025,Cancelled
O00572,C0088,9/14/2025,Cancelled
O00573,C0376,3/11/2026,Pending
O00574,C0179,12/7/2025,Pending
O00575,C0394,7/30/2025,Cancelled
O00576,C0240,7/28/2025,Delivered
O00577,C0402,2/6/2025,Delivered
O00578,C0074,6/25/2025,Cancelled
O00579,C0195,2/11/2026,Delivered
O00580,C0137,5/27/2025,Cancelled
O00581,C0125,8/27/2026,Delivered
O00582,C0155,2/20/2025,Pending
O00583,C0192,12/24/2025,Delivered
O00584,C0064,10/29/2025,Pending
O00585,C0354,5/22/2026,Delivered
O00586,C0276,6/24/2026,Delivered
O00587,C0415,11/27/2025,Cancelled
O00588,C0353,1/19/2026,Delivered
O00589,C0075,3/1/2026,Pending
O00590,C0035,11/13/2025,Delivered
O00591,C0212,4/23/2025,Cancelled
O00592,C0241,9/18/2025,Pending
O00593,C0121,5/27/2025,Delivered
O00594,C0392,10/10/2025,Delivered
O00595,C0291,1/10/2026,Delivered
O00596,C0374,5/8/2025,Cancelled
O00597,C0055,6/1/2025,Pending
O00598,C0408,5/16/2026,Cancelled
O00599,C0104,8/18/2025,Cancelled
O00600,C0225,5/1/2025,Delivered
O00601,C0220,3/10/2026,Cancelled
O00602,C0411,3/12/2026,Delivered
O00603,C0139,5/18/2026,Delivered
O00604,C0121,4/8/2026,Delivered
O00605,C0170,8/27/2026,Delivered
O00606,C0181,12/16/2025,Pending
O00607,C0091,6/24/2025,Pending
O00608,C0089,6/9/2026,Delivered
O00609,C0116,6/11/2025,Delivered
O00610,C0234,6/26/2025,Delivered
O00611,C0172,5/19/2026,Delivered
O00612,C0197,6/21/2026,Cancelled
O00613,C0360,7/26/2025,Delivered
O00614,C0121,3/20/2026,Delivered
O00615,C0455,7/15/2026,Pending
O00616,C0376,5/1/2026,Pending
O00617,C0088,1/4/2025,Cancelled
O00618,C0157,2/9/2026,Delivered
O00619,C0092,4/14/2025,Delivered
O00620,C0137,5/30/2026,Delivered
O00621,C0183,2/10/2025,Pending
O00622,C0066,8/27/2026,Delivered
O00623,C0008,4/18/2025,Cancelled
O00624,C0220,9/13/2025,Delivered
O00625,C0351,5/23/2025,Cancelled
O00626,C0152,5/10/2026,Delivered
O00627,C0431,8/28/2025,Delivered
O00628,C0185,3/29/2026,Cancelled
O00629,C0451,2/10/2025,Cancelled
O00630,C0118,10/3/2025,Delivered
O00631,C0270,7/8/2026,Delivered
O00632,C0382,7/18/2026,Delivered
O00633,C0030,5/7/2025,Delivered
O00634,C0466,8/28/2025,Delivered
O00635,C0183,9/6/2025,Delivered
O00636,C0249,12/10/2025,Delivered
O00637,C0315,11/23/2025,Delivered
O00638,C0322,3/6/2025,Pending
O00639,C0012,4/9/2026,Delivered
O00640,C0434,5/18/2025,Delivered
O00641,C0312,7/11/2025,Delivered
O00642,C0500,5/27/2026,Pending
O00643,C0236,2/24/2026,Delivered
O00644,C0307,8/30/2025,Delivered
O00645,C0221,7/9/2026,Delivered
O00646,C0445,8/28/2025,Delivered
O00647,C0417,12/10/2025,Delivered
O00648,C0455,5/30/2025,Delivered
O00649,C0253,4/22/2025,Pending
O00650,C0396,10/26/2025,Delivered
O00651,C0180,12/9/2025,Delivered
O00652,C0231,5/5/2026,Cancelled
O00653,C0381,8/26/2025,Pending
O00654,C0041,6/29/2026,Delivered
O00655,C0356,1/5/2026,Delivered
O00656,C0008,2/12/2025,Delivered
O00657,C0291,3/26/2026,Delivered
O00658,C0239,12/16/2025,Cancelled
O00659,C0235,8/25/2025,Delivered
O00660,C0248,10/12/2025,Cancelled
O00661,C0246,7/3/2025,Cancelled
O00662,C0204,1/9/2026,Pending
O00663,C0226,12/11/2025,Delivered
O00664,C0285,9/29/2025,Pending
O00665,C0382,6/23/2025,Delivered
O00666,C0277,8/31/2025,Cancelled
O00667,C0322,10/30/2025,Cancelled
O00668,C0419,10/14/2025,Pending
O00669,C0495,7/8/2025,Delivered
O00670,C0055,12/20/2025,Cancelled
O00671,C0357,5/18/2025,Delivered
O00672,C0113,11/1/2025,Delivered
O00673,C0099,3/15/2025,Delivered
O00674,C0397,10/15/2025,Cancelled
O00675,C0035,4/22/2026,Cancelled
O00676,C0424,5/13/2026,Delivered
O00677,C0386,2/27/2026,Pending
O00678,C0498,3/30/2026,Cancelled
O00679,C0334,2/10/2025,Delivered
O00680,C0437,7/27/2025,Pending
O00681,C0060,2/2/2026,Cancelled
O00682,C0445,5/2/2026,Delivered
O00683,C0081,12/21/2025,Delivered
O00684,C0158,6/4/2026,Pending
O00685,C0065,6/16/2025,Delivered
O00686,C0201,4/4/2025,Pending
O00687,C0375,2/22/2025,Delivered
O00688,C0135,12/21/2025,Delivered
O00689,C0412,2/9/2026,Delivered
O00690,C0304,6/23/2025,Delivered
O00691,C0315,4/22/2026,Cancelled
O00692,C0470,3/26/2026,Pending
O00693,C0216,8/7/2025,Delivered
O00694,C0173,5/26/2025,Pending
O00695,C0498,3/28/2026,Delivered
O00696,C0279,2/13/2026,Delivered
O00697,C0308,4/14/2025,Pending
O00698,C0149,6/5/2025,Delivered
O00699,C0108,10/23/2025,Cancelled
O00700,C0085,11/7/2025,Cancelled
O00701,C0112,4/11/2025,Delivered
O00702,C0098,7/31/2026,Delivered
O00703,C0374,8/25/2025,Cancelled
O00704,C0029,8/20/2025,Delivered
O00705,C0315,2/6/2025,Delivered
O00706,C0475,6/17/2026,Delivered
O00707,C0383,5/23/2025,Pending
O00708,C0202,8/24/2026,Delivered
O00709,C0030,10/29/2025,Delivered
O00710,C0418,6/16/2026,Delivered
O00711,C0002,4/19/2025,Delivered
O00712,C0341,4/11/2025,Cancelled
O00713,C0336,5/3/2026,Delivered
O00714,C0096,5/14/2026,Cancelled
O00715,C0370,11/27/2025,Delivered
O00716,C0088,1/20/2025,Cancelled
O00717,C0113,7/28/2026,Cancelled
O00718,C0406,8/28/2025,Delivered
O00719,C0490,7/24/2026,Delivered
O00720,C0133,6/14/2026,Delivered
O00721,C0461,6/2/2026,Delivered
O00722,C0457,2/23/2026,Delivered
O00723,C0385,2/14/2026,Delivered
O00724,C0071,11/20/2025,Delivered
O00725,C0150,1/16/2025,Delivered
O00726,C0339,8/24/2025,Delivered
O00727,C0500,3/21/2026,Delivered
O00728,C0408,5/9/2026,Delivered
O00729,C0211,12/7/2025,Delivered
O00730,C0118,3/8/2026,Delivered
O00731,C0481,1/14/2025,Delivered
O00732,C0139,10/12/2025,Delivered
O00733,C0172,11/5/2025,Delivered
O00734,C0483,6/27/2026,Cancelled
O00735,C0281,7/9/2025,Cancelled
O00736,C0133,5/20/2025,Cancelled
O00737,C0003,8/3/2025,Cancelled
O00738,C0215,4/14/2025,Pending
O00739,C0494,12/6/2025,Delivered
O00740,C0217,1/26/2026,Cancelled
O00741,C0350,5/3/2026,Pending
O00742,C0127,8/14/2026,Delivered
O00743,C0388,2/14/2025,Pending
O00744,C0388,5/31/2025,Delivered
O00745,C0305,7/2/2025,Pending
O00746,C0386,6/1/2025,Delivered
O00747,C0290,5/18/2026,Delivered
O00748,C0190,3/26/2025,Delivered
O00749,C0369,1/19/2025,Cancelled
O00750,C0418,6/8/2026,Delivered
O00751,C0421,8/8/2026,Delivered
O00752,C0107,5/18/2025,Delivered
O00753,C0339,7/22/2025,Pending
O00754,C0003,11/2/2025,Delivered
O00755,C0286,11/16/2025,Delivered
O00756,C0286,8/26/2026,Delivered
O00757,C0182,9/3/2025,Delivered
O00758,C0498,1/8/2025,Cancelled
O00759,C0442,9/15/2025,Pending
O00760,C0020,12/5/2025,Pending
O00761,C0105,11/11/2025,Cancelled
O00762,C0104,11/8/2025,Cancelled
O00763,C0449,7/15/2026,Delivered
O00764,C0260,5/6/2026,Cancelled
O00765,C0365,6/3/2025,Delivered
O00766,C0405,8/5/2025,Delivered
O00767,C0384,2/10/2026,Delivered
O00768,C0045,9/7/2025,Delivered
O00769,C0071,9/18/2025,Delivered
O00770,C0198,4/13/2025,Cancelled
O00771,C0170,6/4/2025,Delivered
O00772,C0374,3/27/2026,Delivered
O00773,C0079,5/28/2026,Delivered
O00774,C0186,4/23/2026,Delivered
O00775,C0119,7/7/2025,Delivered
O00776,C0095,3/25/2025,Delivered
O00777,C0087,4/8/2025,Pending
O00778,C0098,8/28/2025,Pending
O00779,C0283,11/11/2025,Cancelled
O00780,C0206,6/27/2026,Cancelled
O00781,C0218,7/1/2026,Cancelled
O00782,C0240,1/2/2025,Delivered
O00783,C0371,3/7/2026,Delivered
O00784,C0431,7/1/2025,Cancelled
O00785,C0264,5/1/2025,Cancelled
O00786,C0322,12/4/2025,Delivered
O00787,C0370,1/21/2025,Delivered
O00788,C0346,7/23/2025,Delivered
O00789,C0068,12/2/2025,Delivered
O00790,C0492,6/15/2025,Delivered
O00791,C0083,12/27/2025,Delivered
O00792,C0206,10/7/2025,Delivered
O00793,C0327,5/2/2026,Cancelled
O00794,C0202,4/21/2025,Cancelled
O00795,C0122,2/4/2025,Pending
O00796,C0462,11/19/2025,Delivered
O00797,C0036,6/6/2025,Cancelled
O00798,C0123,3/6/2026,Cancelled
O00799,C0497,2/26/2025,Delivered
O00800,C0365,12/16/2025,Delivered
O00801,C0044,8/25/2026,Delivered
O00802,C0378,2/26/2025,Cancelled
O00803,C0485,7/3/2025,Pending
O00804,C0049,5/29/2026,Cancelled
O00805,C0208,11/21/2025,Delivered
O00806,C0235,4/17/2025,Cancelled
O00807,C0066,5/10/2025,Delivered
O00808,C0101,4/11/2026,Cancelled
O00809,C0087,6/8/2026,Delivered
O00810,C0093,8/8/2025,Pending
O00811,C0202,10/16/2025,Pending
O00812,C0232,4/21/2026,Delivered
O00813,C0119,4/18/2025,Delivered
O00814,C0145,5/6/2025,Cancelled
O00815,C0097,4/16/2026,Cancelled
O00816,C0399,4/24/2025,Cancelled
O00817,C0106,4/14/2026,Delivered
O00818,C0454,10/30/2025,Delivered
O00819,C0270,8/25/2026,Delivered
O00820,C0402,1/21/2025,Delivered
O00821,C0319,7/30/2026,Delivered
O00822,C0134,5/17/2025,Delivered
O00823,C0301,1/22/2025,Delivered
O00824,C0138,3/17/2026,Delivered
O00825,C0060,11/20/2025,Pending
O00826,C0128,5/25/2026,Delivered
O00827,C0138,3/7/2025,Pending
O00828,C0068,2/19/2025,Delivered
O00829,C0012,12/11/2025,Delivered
O00830,C0472,6/21/2026,Cancelled
O00831,C0257,9/4/2025,Delivered
O00832,C0202,4/30/2026,Delivered
O00833,C0465,7/5/2026,Delivered
O00834,C0113,6/13/2026,Pending
O00835,C0202,11/6/2025,Delivered
O00836,C0424,3/1/2026,Delivered
O00837,C0317,11/16/2025,Cancelled
O00838,C0200,2/14/2026,Cancelled
O00839,C0128,12/11/2025,Delivered
O00840,C0018,11/16/2025,Delivered
O00841,C0043,9/23/2025,Delivered
O00842,C0081,2/1/2026,Delivered
O00843,C0394,4/2/2026,Pending
O00844,C0320,7/13/2026,Delivered
O00845,C0217,1/8/2026,Pending
O00846,C0392,3/3/2025,Cancelled
O00847,C0081,12/24/2025,Delivered
O00848,C0106,7/11/2025,Delivered
O00849,C0197,1/17/2025,Delivered
O00850,C0459,2/14/2025,Pending
O00851,C0308,12/26/2025,Delivered
O00852,C0426,7/29/2026,Delivered
O00853,C0125,11/4/2025,Delivered
O00854,C0425,9/28/2025,Delivered
O00855,C0037,2/23/2025,Delivered
O00856,C0114,2/15/2026,Delivered
O00857,C0262,2/3/2025,Delivered
O00858,C0026,5/27/2026,Cancelled
O00859,C0430,5/12/2026,Cancelled
O00860,C0434,8/26/2026,Delivered
O00861,C0271,6/22/2025,Delivered
O00862,C0153,4/9/2025,Delivered
O00863,C0050,7/2/2025,Pending
O00864,C0310,5/2/2026,Delivered
O00865,C0269,5/14/2025,Delivered
O00866,C0380,6/24/2026,Delivered
O00867,C0302,4/4/2025,Pending
O00868,C0065,1/30/2025,Delivered
O00869,C0061,5/14/2025,Delivered
O00870,C0391,4/4/2026,Pending
O00871,C0080,1/2/2026,Cancelled
O00872,C0470,8/4/2025,Delivered
O00873,C0053,2/3/2026,Delivered
O00874,C0365,1/30/2026,Delivered
O00875,C0488,12/4/2025,Delivered
O00876,C0221,11/9/2025,Pending
O00877,C0029,3/3/2025,Delivered
O00878,C0439,6/7/2025,Delivered
O00879,C0094,11/17/2025,Pending
O00880,C0264,3/24/2025,Delivered
O00881,C0493,10/17/2025,Delivered
O00882,C0373,3/13/2025,Cancelled
O00883,C0024,4/24/2026,Delivered
O00884,C0411,3/4/2025,Pending
O00885,C0081,2/26/2025,Delivered
O00886,C0375,1/23/2026,Cancelled
O00887,C0311,5/15/2025,Pending
O00888,C0144,8/2/2025,Delivered
O00889,C0212,7/11/2025,Delivered
O00890,C0059,5/12/2025,Pending
O00891,C0494,4/9/2026,Delivered
O00892,C0120,2/25/2026,Delivered
O00893,C0155,5/26/2025,Delivered
O00894,C0252,2/22/2026,Pending
O00895,C0337,3/10/2026,Delivered
O00896,C0253,11/24/2025,Pending
O00897,C0253,12/18/2025,Pending
O00898,C0292,7/23/2026,Pending
O00899,C0429,10/3/2025,Delivered
O00900,C0198,8/23/2025,Delivered
O00901,C0417,11/24/2025,Delivered
O00902,C0394,5/24/2026,Delivered
O00903,C0481,3/8/2026,Pending
O00904,C0457,2/15/2025,Cancelled
O00905,C0400,10/7/2025,Delivered
O00906,C0124,3/26/2026,Delivered
O00907,C0388,5/17/2025,Cancelled
O00908,C0369,8/24/2026,Delivered
O00909,C0145,5/7/2026,Pending
O00910,C0339,5/30/2026,Pending
O00911,C0127,2/19/2025,Pending
O00912,C0262,12/19/2025,Cancelled
O00913,C0399,11/17/2025,Cancelled
O00914,C0095,1/17/2026,Delivered
O00915,C0169,6/1/2026,Delivered
O00916,C0398,8/3/2025,Delivered
O00917,C0227,11/21/2025,Pending
O00918,C0481,2/18/2026,Delivered
O00919,C0004,4/3/2026,Delivered
O00920,C0361,4/14/2026,Delivered
O00921,C0408,7/24/2025,Delivered
O00922,C0459,8/30/2026,Delivered
O00923,C0079,1/6/2025,Cancelled
O00924,C0493,10/27/2025,Pending
O00925,C0197,1/6/2026,Cancelled
O00926,C0177,2/7/2025,Cancelled
O00927,C0178,10/2/2025,Delivered
O00928,C0320,12/29/2025,Delivered
O00929,C0330,1/5/2026,Delivered
O00930,C0237,3/14/2025,Delivered
O00931,C0036,6/18/2025,Delivered
O00932,C0494,5/29/2025,Cancelled
O00933,C0112,1/25/2026,Delivered
O00934,C0047,7/19/2025,Pending
O00935,C0299,12/14/2025,Delivered
O00936,C0207,3/21/2026,Pending
O00937,C0308,4/30/2026,Delivered
O00938,C0438,4/22/2025,Delivered
O00939,C0049,7/4/2026,Cancelled
O00940,C0143,4/11/2025,Pending
O00941,C0259,1/14/2025,Delivered
O00942,C0394,1/28/2025,Delivered
O00943,C0301,5/3/2025,Delivered
O00944,C0192,6/15/2026,Delivered
O00945,C0306,5/7/2025,Pending
O00946,C0490,2/26/2026,Pending
O00947,C0241,9/12/2025,Delivered
O00948,C0442,1/25/2025,Delivered
O00949,C0390,9/28/2025,Delivered
O00950,C0151,1/18/2025,Delivered
O00951,C0125,10/17/2025,Delivered
O00952,C0386,12/6/2025,Delivered
O00953,C0104,11/13/2025,Delivered
O00954,C0169,6/21/2025,Delivered
O00955,C0118,4/12/2026,Pending
O00956,C0304,12/29/2025,Delivered
O00957,C0148,6/4/2025,Delivered
O00958,C0330,9/22/2025,Cancelled
O00959,C0468,3/7/2025,Cancelled
O00960,C0415,7/16/2026,Delivered
O00961,C0474,4/3/2026,Delivered
O00962,C0013,6/24/2025,Delivered
O00963,C0228,2/15/2026,Pending
O00964,C0111,2/17/2026,Pending
O00965,C0459,1/6/2026,Delivered
O00966,C0356,2/2/2025,Delivered
O00967,C0161,6/19/2026,Delivered
O00968,C0282,8/5/2026,Pending
O00969,C0303,8/16/2026,Delivered
O00970,C0248,8/20/2026,Delivered
O00971,C0238,7/19/2026,Delivered
O00972,C0028,3/26/2026,Delivered
O00973,C0227,2/4/2025,Delivered
O00974,C0175,10/10/2025,Delivered
O00975,C0410,5/30/2025,Cancelled
O00976,C0433,5/14/2025,Pending
O00977,C0376,5/21/2026,Delivered
O00978,C0016,5/10/2026,Delivered
O00979,C0421,11/14/2025,Delivered
O00980,C0199,3/24/2026,Pending
O00981,C0209,3/20/2025,Cancelled
O00982,C0473,5/15/2025,Delivered
O00983,C0434,6/8/2026,Cancelled
O00984,C0026,10/2/2025,Delivered
O00985,C0180,11/29/2025,Delivered
O00986,C0375,10/9/2025,Delivered
O00987,C0270,5/3/2025,Cancelled
O00988,C0129,5/18/2026,Delivered
O00989,C0263,4/7/2026,Cancelled
O00990,C0434,2/20/2026,Delivered
O00991,C0112,8/3/2025,Delivered
O00992,C0374,1/27/2026,Delivered
O00993,C0368,8/3/2026,Delivered
O00994,C0443,1/31/2026,Delivered
O00995,C0149,10/28/2025,Delivered
O00996,C0108,6/14/2025,Cancelled
O00997,C0274,11/14/2025,Delivered
O00998,C0266,8/15/2025,Delivered
O00999,C0205,1/7/2026,Cancelled
O01000,C0390,1/28/2025,Delivered
O01001,C0400,4/26/2025,Delivered
O01002,C0123,4/24/2026,Delivered
O01003,C0398,8/20/2025,Pending
O01004,C0116,9/21/2025,Delivered
O01005,C0204,11/27/2025,Pending
O01006,C0014,9/24/2025,Delivered
O01007,C0171,4/7/2026,Delivered
O01008,C0480,5/30/2025,Cancelled
O01009,C0222,4/7/2026,Pending
O01010,C0356,5/8/2025,Delivered
O01011,C0054,8/14/2025,Delivered
O01012,C0318,12/24/2025,Pending
O01013,C0186,6/23/2026,Delivered
O01014,C0372,5/22/2025,Delivered
O01015,C0465,12/24/2025,Cancelled
O01016,C0266,2/9/2025,Delivered
O01017,C0052,2/15/2025,Pending
O01018,C0239,4/12/2026,Pending
O01019,C0062,3/14/2026,Pending
O01020,C0225,8/17/2025,Delivered
O01021,C0031,1/14/2026,Delivered
O01022,C0321,8/20/2025,Delivered
O01023,C0156,6/18/2025,Delivered
O01024,C0101,9/20/2025,Pending
O01025,C0009,7/9/2025,Cancelled
O01026,C0445,5/11/2026,Pending
O01027,C0419,9/8/2025,Cancelled
O01028,C0406,7/15/2025,Cancelled
O01029,C0030,11/22/2025,Delivered
O01030,C0175,4/6/2026,Delivered
O01031,C0486,6/16/2025,Delivered
O01032,C0290,7/26/2026,Delivered
O01033,C0065,10/9/2025,Delivered
O01034,C0071,2/6/2026,Pending
O01035,C0132,8/6/2026,Delivered
O01036,C0487,9/20/2025,Pending
O01037,C0085,5/2/2025,Cancelled
O01038,C0452,3/31/2026,Delivered
O01039,C0340,1/5/2025,Delivered
O01040,C0461,10/6/2025,Delivered
O01041,C0414,8/19/2026,Delivered
O01042,C0167,9/9/2025,Delivered
O01043,C0414,2/20/2026,Delivered
O01044,C0085,11/16/2025,Delivered
O01045,C0146,5/11/2025,Delivered
O01046,C0106,7/13/2025,Cancelled
O01047,C0067,11/15/2025,Pending
O01048,C0046,3/5/2025,Delivered
O01049,C0094,9/10/2025,Pending
O01050,C0061,9/10/2025,Delivered
O01051,C0191,5/23/2026,Delivered
O01052,C0036,3/17/2025,Delivered
O01053,C0031,5/28/2026,Delivered
O01054,C0495,9/7/2025,Delivered
O01055,C0044,2/1/2026,Cancelled
O01056,C0038,12/5/2025,Delivered
O01057,C0016,7/2/2025,Delivered
O01058,C0067,7/20/2026,Delivered
O01059,C0264,5/17/2025,Delivered
O01060,C0414,1/23/2025,Delivered
O01061,C0368,4/2/2026,Cancelled
O01062,C0291,1/13/2026,Pending
O01063,C0043,6/26/2026,Delivered
O01064,C0388,10/6/2025,Delivered
O01065,C0019,1/11/2025,Pending
O01066,C0316,1/13/2025,Delivered
O01067,C0205,9/21/2025,Cancelled
O01068,C0442,6/1/2025,Delivered
O01069,C0154,7/15/2026,Delivered
O01070,C0320,3/14/2025,Delivered
O01071,C0220,6/20/2026,Cancelled
O01072,C0262,5/12/2025,Delivered
O01073,C0470,3/14/2025,Pending
O01074,C0357,6/16/2025,Delivered
O01075,C0208,3/29/2025,Cancelled
O01076,C0224,9/1/2025,Delivered
O01077,C0353,7/20/2025,Cancelled
O01078,C0174,11/18/2025,Delivered
O01079,C0084,11/23/2025,Pending
O01080,C0234,1/1/2025,Cancelled
O01081,C0035,3/17/2025,Delivered
O01082,C0085,4/9/2025,Delivered
O01083,C0211,4/29/2025,Delivered
O01084,C0399,2/26/2025,Delivered
O01085,C0391,7/11/2025,Delivered
O01086,C0131,12/1/2025,Delivered
O01087,C0211,7/7/2025,Delivered
O01088,C0077,7/20/2025,Delivered
O01089,C0378,10/13/2025,Delivered
O01090,C0124,11/30/2025,Delivered
O01091,C0400,7/21/2025,Delivered
O01092,C0422,5/15/2025,Delivered
O01093,C0345,9/6/2025,Delivered
O01094,C0166,1/15/2025,Delivered
O01095,C0477,10/27/2025,Delivered
O01096,C0344,7/27/2026,Delivered
O01097,C0323,8/30/2025,Delivered
O01098,C0429,3/7/2025,Pending
O01099,C0441,3/6/2026,Delivered
O01100,C0039,3/19/2025,Pending
O01101,C0441,4/28/2025,Pending
O01102,C0383,3/31/2025,Pending
O01103,C0104,6/22/2026,Delivered
O01104,C0154,8/20/2026,Delivered
O01105,C0377,12/13/2025,Cancelled
O01106,C0109,1/11/2026,Delivered
O01107,C0227,1/28/2026,Pending
O01108,C0345,1/7/2026,Delivered
O01109,C0326,11/27/2025,Delivered
O01110,C0455,8/23/2026,Delivered
O01111,C0056,3/22/2026,Delivered
O01112,C0148,2/23/2025,Delivered
O01113,C0493,8/27/2025,Cancelled
O01114,C0285,8/16/2026,Delivered
O01115,C0125,9/3/2025,Pending
O01116,C0145,5/5/2025,Delivered
O01117,C0170,6/13/2026,Cancelled
O01118,C0278,1/14/2026,Delivered
O01119,C0143,12/9/2025,Delivered
O01120,C0311,9/13/2025,Delivered
O01121,C0223,3/17/2025,Cancelled
O01122,C0306,8/22/2025,Cancelled
O01123,C0078,9/23/2025,Delivered
O01124,C0312,7/21/2026,Delivered
O01125,C0463,7/6/2025,Pending
O01126,C0068,4/1/2025,Pending
O01127,C0164,9/17/2025,Delivered
O01128,C0347,8/30/2026,Delivered
O01129,C0309,10/21/2025,Delivered
O01130,C0338,8/19/2025,Delivered
O01131,C0280,2/10/2026,Delivered
O01132,C0342,1/30/2026,Delivered
O01133,C0305,7/1/2025,Delivered
O01134,C0038,8/12/2026,Delivered
O01135,C0376,12/27/2025,Cancelled
O01136,C0224,2/5/2025,Delivered
O01137,C0026,9/5/2025,Delivered
O01138,C0205,7/16/2026,Delivered
O01139,C0218,8/28/2025,Delivered
O01140,C0044,12/12/2025,Cancelled
O01141,C0499,1/8/2026,Delivered
O01142,C0112,3/5/2026,Delivered
O01143,C0166,6/15/2026,Pending
O01144,C0221,4/1/2025,Delivered
O01145,C0417,11/11/2025,Delivered
O01146,C0372,11/21/2025,Pending
O01147,C0386,4/3/2025,Delivered
O01148,C0119,2/14/2026,Delivered
O01149,C0423,3/13/2025,Delivered
O01150,C0415,10/5/2025,Delivered
O01151,C0232,7/20/2025,Delivered
O01152,C0273,4/5/2025,Delivered
O01153,C0019,5/15/2026,Cancelled
O01154,C0381,5/29/2025,Delivered
O01155,C0481,6/5/2025,Pending
O01156,C0237,6/4/2026,Delivered
O01157,C0271,6/18/2026,Pending
O01158,C0250,1/21/2025,Delivered
O01159,C0042,6/18/2025,Delivered
O01160,C0310,3/7/2026,Cancelled
O01161,C0361,4/19/2026,Pending
O01162,C0464,8/31/2026,Delivered
O01163,C0465,12/4/2025,Pending
O01164,C0246,1/5/2025,Delivered
O01165,C0480,6/16/2026,Delivered
O01166,C0265,4/8/2025,Delivered
O01167,C0322,3/15/2025,Delivered
O01168,C0301,2/14/2026,Pending
O01169,C0500,1/3/2026,Cancelled
O01170,C0369,2/6/2025,Cancelled
O01171,C0061,4/13/2025,Delivered
O01172,C0036,12/25/2025,Pending
O01173,C0205,6/5/2025,Delivered
O01174,C0258,2/20/2026,Cancelled
O01175,C0335,9/8/2025,Cancelled
O01176,C0241,12/24/2025,Cancelled
O01177,C0258,10/16/2025,Cancelled
O01178,C0461,8/11/2025,Delivered
O01179,C0168,7/28/2025,Cancelled
O01180,C0247,2/28/2026,Pending
O01181,C0279,11/9/2025,Delivered
O01182,C0235,12/28/2025,Delivered
O01183,C0485,12/18/2025,Delivered
O01184,C0482,5/7/2025,Delivered
O01185,C0257,7/10/2026,Cancelled
O01186,C0226,12/9/2025,Cancelled
O01187,C0295,3/13/2026,Delivered
O01188,C0091,6/21/2026,Delivered
O01189,C0213,7/17/2026,Pending
O01190,C0109,2/10/2026,Delivered
O01191,C0073,4/24/2026,Delivered
O01192,C0048,10/14/2025,Delivered
O01193,C0294,3/25/2026,Cancelled
O01194,C0001,7/15/2025,Delivered
O01195,C0324,3/9/2026,Pending
O01196,C0216,2/22/2025,Pending
O01197,C0184,7/10/2026,Delivered
O01198,C0385,5/29/2025,Delivered
O01199,C0270,2/4/2026,Delivered
O01200,C0367,1/7/2025,Pending
O01201,C0355,4/5/2025,Pending
O01202,C0017,8/23/2026,Delivered
O01203,C0108,5/22/2026,Delivered
O01204,C0285,5/16/2025,Cancelled
O01205,C0488,3/21/2025,Cancelled
O01206,C0078,5/11/2026,Delivered
O01207,C0053,8/26/2026,Cancelled
O01208,C0471,4/13/2025,Pending
O01209,C0484,2/8/2026,Cancelled
O01210,C0084,6/22/2025,Delivered
O01211,C0201,3/29/2026,Delivered
O01212,C0314,9/12/2025,Delivered
O01213,C0098,3/18/2025,Cancelled
O01214,C0164,7/17/2025,Delivered
O01215,C0198,11/24/2025,Delivered
O01216,C0321,5/1/2026,Delivered
O01217,C0155,1/13/2025,Delivered
O01218,C0207,8/6/2026,Delivered
O01219,C0145,1/30/2026,Delivered
O01220,C0380,6/17/2026,Cancelled
O01221,C0077,7/20/2026,Delivered
O01222,C0116,4/4/2025,Pending
O01223,C0125,2/26/2025,Delivered
O01224,C0453,4/18/2026,Cancelled
O01225,C0473,4/25/2025,Delivered
O01226,C0251,3/31/2025,Delivered
O01227,C0079,10/12/2025,Delivered
O01228,C0379,7/10/2026,Delivered
O01229,C0247,4/29/2026,Cancelled
O01230,C0425,11/11/2025,Pending
O01231,C0180,4/30/2025,Delivered
O01232,C0500,7/24/2025,Pending
O01233,C0404,2/23/2026,Delivered
O01234,C0112,4/6/2025,Delivered
O01235,C0363,11/15/2025,Delivered
O01236,C0144,1/8/2025,Pending
O01237,C0175,7/17/2025,Delivered
O01238,C0126,5/31/2025,Delivered
O01239,C0342,2/19/2026,Delivered
O01240,C0132,7/10/2026,Pending
O01241,C0320,3/31/2025,Delivered
O01242,C0292,4/30/2026,Pending
O01243,C0376,2/3/2026,Cancelled
O01244,C0497,8/13/2026,Cancelled
O01245,C0005,7/9/2026,Cancelled
O01246,C0496,3/3/2025,Delivered
O01247,C0055,3/28/2026,Delivered
O01248,C0264,12/27/2025,Delivered
O01249,C0171,3/10/2025,Delivered
O01250,C0320,6/6/2025,Delivered
O01251,C0361,7/18/2026,Delivered
O01252,C0430,11/27/2025,Cancelled
O01253,C0201,7/25/2025,Cancelled
O01254,C0467,7/14/2025,Delivered
O01255,C0162,5/25/2026,Cancelled
O01256,C0102,6/22/2025,Cancelled
O01257,C0190,4/7/2025,Pending
O01258,C0265,12/15/2025,Pending
O01259,C0335,8/27/2026,Pending
O01260,C0417,4/22/2025,Delivered
O01261,C0113,6/5/2025,Cancelled
O01262,C0152,10/13/2025,Delivered
O01263,C0470,5/2/2025,Delivered
O01264,C0220,1/31/2026,Cancelled
O01265,C0121,6/4/2025,Cancelled
O01266,C0493,3/19/2025,Delivered
O01267,C0225,6/8/2025,Pending
O01268,C0493,7/20/2026,Delivered
O01269,C0460,7/23/2026,Delivered
O01270,C0454,11/4/2025,Delivered
O01271,C0291,9/1/2025,Pending
O01272,C0400,5/14/2026,Delivered
O01273,C0481,4/29/2025,Delivered
O01274,C0135,2/2/2026,Cancelled
O01275,C0019,2/18/2026,Delivered
O01276,C0161,3/8/2026,Delivered
O01277,C0319,5/13/2025,Delivered
O01278,C0274,3/12/2026,Delivered
O01279,C0041,1/8/2026,Pending
O01280,C0281,6/17/2026,Delivered
O01281,C0088,4/17/2025,Delivered
O01282,C0253,1/9/2026,Delivered
O01283,C0288,5/20/2026,Delivered
O01284,C0319,6/19/2025,Delivered
O01285,C0207,3/29/2026,Delivered
O01286,C0205,3/2/2025,Cancelled
O01287,C0340,3/13/2026,Delivered
O01288,C0375,1/4/2026,Delivered
O01289,C0404,4/28/2025,Delivered
O01290,C0167,2/10/2025,Delivered
O01291,C0213,3/30/2026,Pending
O01292,C0166,5/27/2025,Pending
O01293,C0264,10/30/2025,Delivered
O01294,C0064,2/6/2025,Delivered
O01295,C0216,8/9/2026,Delivered
O01296,C0095,11/30/2025,Cancelled
O01297,C0267,7/21/2026,Delivered
O01298,C0426,4/8/2025,Delivered
O01299,C0493,5/6/2025,Cancelled
O01300,C0224,1/7/2026,Delivered
O01301,C0029,1/3/2026,Delivered
O01302,C0114,4/26/2026,Delivered
O01303,C0053,7/19/2026,Cancelled
O01304,C0380,5/15/2026,Cancelled
O01305,C0493,3/27/2025,Delivered
O01306,C0277,7/8/2025,Pending
O01307,C0089,7/10/2026,Delivered
O01308,C0011,11/30/2025,Delivered
O01309,C0489,6/12/2026,Delivered
O01310,C0159,12/9/2025,Delivered
O01311,C0057,1/31/2025,Delivered
O01312,C0089,10/15/2025,Delivered
O01313,C0128,5/17/2026,Delivered
O01314,C0328,2/3/2026,Delivered
O01315,C0446,3/22/2025,Delivered
O01316,C0138,5/8/2025,Cancelled
O01317,C0344,6/4/2026,Delivered
O01318,C0033,8/19/2026,Cancelled
O01319,C0006,4/3/2026,Delivered
O01320,C0028,3/1/2025,Pending
O01321,C0462,1/12/2026,Delivered
O01322,C0291,5/20/2026,Delivered
O01323,C0403,1/25/2026,Delivered
O01324,C0011,12/28/2025,Cancelled
O01325,C0012,10/12/2025,Delivered
O01326,C0425,5/29/2025,Delivered
O01327,C0052,6/20/2025,Delivered
O01328,C0078,3/30/2026,Delivered
O01329,C0260,2/12/2025,Delivered
O01330,C0304,2/21/2025,Pending
O01331,C0115,8/30/2025,Cancelled
O01332,C0223,4/16/2026,Delivered
O01333,C0338,2/4/2026,Pending
O01334,C0222,12/25/2025,Cancelled
O01335,C0192,11/21/2025,Delivered
O01336,C0036,3/9/2025,Cancelled
O01337,C0226,7/21/2025,Delivered
O01338,C0402,2/18/2025,Pending
O01339,C0314,4/6/2026,Delivered
O01340,C0447,4/2/2026,Delivered
O01341,C0064,6/6/2025,Delivered
O01342,C0006,6/28/2025,Delivered
O01343,C0275,7/13/2025,Cancelled
O01344,C0090,6/25/2026,Pending
O01345,C0297,10/25/2025,Pending
O01346,C0452,4/9/2026,Cancelled
O01347,C0169,9/30/2025,Cancelled
O01348,C0275,3/1/2026,Delivered
O01349,C0341,11/18/2025,Delivered
O01350,C0076,6/19/2025,Cancelled
O01351,C0449,6/17/2026,Delivered
O01352,C0102,3/8/2026,Delivered
O01353,C0405,4/13/2026,Pending
O01354,C0330,7/31/2026,Delivered
O01355,C0071,6/1/2025,Delivered
O01356,C0363,2/25/2025,Pending
O01357,C0099,12/21/2025,Pending
O01358,C0300,7/18/2025,Delivered
O01359,C0480,9/22/2025,Delivered
O01360,C0477,5/23/2025,Delivered
O01361,C0436,8/31/2025,Cancelled
O01362,C0248,8/28/2025,Pending
O01363,C0280,8/2/2025,Delivered
O01364,C0151,3/28/2026,Cancelled
O01365,C0461,12/27/2025,Delivered
O01366,C0239,10/16/2025,Pending
O01367,C0386,3/10/2025,Delivered
O01368,C0180,12/14/2025,Delivered
O01369,C0371,4/17/2025,Delivered
O01370,C0113,7/11/2025,Pending
O01371,C0367,9/10/2025,Cancelled
O01372,C0023,3/27/2025,Delivered
O01373,C0053,8/25/2025,Delivered
O01374,C0177,6/12/2025,Delivered
O01375,C0242,6/1/2026,Pending
O01376,C0356,6/7/2026,Delivered
O01377,C0180,1/3/2025,Delivered
O01378,C0010,1/2/2026,Cancelled
O01379,C0163,1/25/2026,Delivered
O01380,C0220,8/18/2025,Pending
O01381,C0272,10/13/2025,Cancelled
O01382,C0323,4/26/2026,Cancelled
O01383,C0124,8/18/2025,Cancelled
O01384,C0306,2/9/2025,Cancelled
O01385,C0316,8/15/2025,Delivered
O01386,C0389,6/4/2025,Delivered
O01387,C0262,8/21/2025,Delivered
O01388,C0406,5/20/2025,Delivered
O01389,C0111,4/2/2025,Delivered
O01390,C0356,8/23/2026,Delivered
O01391,C0023,3/20/2025,Delivered
O01392,C0052,3/6/2026,Delivered
O01393,C0433,3/13/2026,Delivered
O01394,C0238,1/11/2026,Delivered
O01395,C0311,7/9/2026,Delivered
O01396,C0302,1/4/2025,Pending
O01397,C0348,7/3/2025,Cancelled
O01398,C0123,4/23/2025,Cancelled
O01399,C0090,12/17/2025,Delivered
O01400,C0022,1/22/2026,Cancelled
O01401,C0433,6/30/2026,Cancelled
O01402,C0112,8/19/2025,Delivered
O01403,C0288,5/24/2025,Delivered
O01404,C0228,7/16/2026,Delivered
O01405,C0082,2/14/2026,Cancelled
O01406,C0207,4/10/2026,Delivered
O01407,C0042,9/28/2025,Delivered
O01408,C0089,9/30/2025,Delivered
O01409,C0070,8/25/2025,Delivered
O01410,C0413,4/1/2026,Delivered
O01411,C0284,5/9/2025,Delivered
O01412,C0463,8/17/2026,Delivered
O01413,C0218,4/17/2025,Delivered
O01414,C0101,10/8/2025,Delivered
O01415,C0305,7/11/2025,Delivered
O01416,C0465,1/26/2026,Cancelled
O01417,C0267,2/18/2026,Cancelled
O01418,C0009,7/13/2026,Delivered
O01419,C0152,4/25/2026,Delivered
O01420,C0463,6/1/2025,Delivered
O01421,C0260,5/6/2025,Pending
O01422,C0476,6/24/2026,Delivered
O01423,C0255,10/24/2025,Delivered
O01424,C0007,3/1/2025,Delivered
O01425,C0437,5/17/2026,Delivered
O01426,C0382,1/30/2026,Delivered
O01427,C0358,1/16/2025,Delivered
O01428,C0486,4/21/2026,Delivered
O01429,C0099,1/5/2026,Cancelled
O01430,C0453,1/9/2026,Delivered
O01431,C0117,6/10/2026,Delivered
O01432,C0486,10/29/2025,Delivered
O01433,C0096,10/8/2025,Delivered
O01434,C0276,1/11/2026,Pending
O01435,C0395,5/1/2025,Delivered
O01436,C0040,4/3/2025,Delivered
O01437,C0034,5/29/2026,Cancelled
O01438,C0425,5/12/2025,Delivered
O01439,C0031,11/3/2025,Delivered
O01440,C0307,6/14/2025,Delivered
O01441,C0470,5/21/2025,Cancelled
O01442,C0308,12/30/2025,Delivered
O01443,C0241,5/3/2026,Cancelled
O01444,C0209,9/26/2025,Delivered
O01445,C0320,3/26/2025,Delivered
O01446,C0286,5/29/2025,Pending
O01447,C0251,4/11/2025,Delivered
O01448,C0077,6/21/2026,Delivered
O01449,C0332,7/14/2025,Delivered
O01450,C0370,8/16/2025,Cancelled
O01451,C0355,2/13/2025,Delivered
O01452,C0038,9/29/2025,Delivered
O01453,C0352,7/10/2026,Cancelled
O01454,C0365,9/7/2025,Delivered
O01455,C0092,1/31/2026,Pending
O01456,C0425,4/21/2025,Delivered
O01457,C0262,3/28/2025,Delivered
O01458,C0237,3/21/2026,Delivered
O01459,C0362,2/9/2025,Cancelled
O01460,C0255,9/30/2025,Delivered
O01461,C0273,7/12/2025,Pending
O01462,C0157,1/10/2025,Pending
O01463,C0464,11/19/2025,Delivered
O01464,C0485,8/10/2026,Cancelled
O01465,C0066,2/12/2025,Delivered
O01466,C0367,5/11/2026,Pending
O01467,C0012,11/24/2025,Delivered
O01468,C0185,3/16/2026,Delivered
O01469,C0485,2/28/2025,Cancelled
O01470,C0088,6/13/2026,Cancelled
O01471,C0189,1/7/2025,Delivered
O01472,C0110,7/6/2026,Delivered
O01473,C0365,2/4/2026,Delivered
O01474,C0232,7/25/2025,Cancelled
O01475,C0297,1/5/2025,Delivered
O01476,C0472,1/7/2026,Pending
O01477,C0261,2/23/2025,Pending
O01478,C0368,1/6/2026,Cancelled
O01479,C0049,4/16/2026,Cancelled
O01480,C0108,6/12/2025,Pending
O01481,C0474,5/26/2025,Delivered
O01482,C0430,5/15/2025,Cancelled
O01483,C0329,5/17/2025,Cancelled
O01484,C0190,3/11/2025,Delivered
O01485,C0100,6/1/2025,Pending
O01486,C0426,2/5/2026,Cancelled
O01487,C0393,7/3/2025,Delivered
O01488,C0121,4/20/2026,Delivered
O01489,C0295,5/14/2026,Delivered
O01490,C0310,4/8/2026,Pending
O01491,C0239,11/25/2025,Pending
O01492,C0464,7/12/2025,Pending
O01493,C0063,7/20/2026,Cancelled
O01494,C0129,5/5/2025,Delivered
O01495,C0048,10/10/2025,Pending
O01496,C0347,10/3/2025,Delivered
O01497,C0323,3/30/2026,Delivered
O01498,C0494,11/29/2025,Delivered
O01499,C0272,5/2/2026,Pending
O01500,C0076,7/13/2026,Delivered
O01501,C0226,8/26/2025,Delivered
O01502,C0045,6/16/2026,Delivered
O01503,C0336,4/14/2025,Delivered
O01504,C0338,7/11/2026,Cancelled
O01505,C0429,4/19/2025,Pending
O01506,C0170,6/1/2026,Delivered
O01507,C0156,8/26/2025,Cancelled
O01508,C0036,8/10/2026,Pending
O01509,C0208,3/20/2025,Pending
O01510,C0238,10/11/2025,Delivered
O01511,C0378,7/3/2026,Pending
O01512,C0377,1/29/2025,Delivered
O01513,C0071,6/11/2025,Pending
O01514,C0143,2/20/2025,Delivered
O01515,C0256,7/15/2025,Delivered
O01516,C0168,8/26/2025,Pending
O01517,C0013,1/12/2026,Cancelled
O01518,C0423,6/6/2025,Delivered
O01519,C0366,4/7/2025,Pending
O01520,C0261,4/14/2025,Delivered
O01521,C0159,7/25/2026,Cancelled
O01522,C0422,8/3/2026,Delivered
O01523,C0018,5/15/2025,Delivered
O01524,C0224,4/29/2025,Pending
O01525,C0401,2/2/2025,Pending
O01526,C0477,8/7/2026,Delivered
O01527,C0126,3/6/2026,Delivered
O01528,C0326,4/8/2026,Cancelled
O01529,C0095,6/26/2025,Delivered
O01530,C0058,1/25/2026,Cancelled
O01531,C0177,2/6/2025,Pending
O01532,C0443,2/16/2026,Cancelled
O01533,C0345,12/19/2025,Delivered
O01534,C0245,7/21/2025,Delivered
O01535,C0142,3/8/2026,Cancelled
O01536,C0071,1/29/2026,Delivered
O01537,C0136,9/24/2025,Delivered
O01538,C0077,4/24/2025,Delivered
O01539,C0094,1/15/2025,Cancelled
O01540,C0344,7/25/2026,Delivered
O01541,C0067,6/21/2025,Cancelled
O01542,C0024,7/3/2025,Cancelled
O01543,C0272,2/19/2026,Delivered
O01544,C0144,6/5/2025,Delivered
O01545,C0228,8/17/2025,Delivered
O01546,C0070,3/9/2026,Delivered
O01547,C0105,12/28/2025,Delivered
O01548,C0221,2/4/2026,Delivered
O01549,C0346,1/3/2025,Delivered
O01550,C0208,10/2/2025,Delivered
O01551,C0271,10/16/2025,Delivered
O01552,C0261,1/20/2026,Delivered
O01553,C0135,4/3/2025,Delivered
O01554,C0140,4/7/2025,Cancelled
O01555,C0213,4/9/2026,Delivered
O01556,C0017,2/14/2026,Delivered
O01557,C0343,5/9/2026,Delivered
O01558,C0308,6/14/2025,Pending
O01559,C0154,8/30/2026,Delivered
O01560,C0187,6/15/2025,Cancelled
O01561,C0165,1/31/2026,Delivered
O01562,C0326,4/9/2025,Delivered
O01563,C0380,7/13/2026,Delivered
O01564,C0055,7/22/2025,Delivered
O01565,C0207,5/3/2026,Cancelled
O01566,C0007,7/21/2025,Delivered
O01567,C0227,4/26/2026,Delivered
O01568,C0125,10/4/2025,Delivered
O01569,C0168,2/7/2025,Pending
O01570,C0229,4/26/2025,Delivered
O01571,C0162,2/20/2026,Delivered
O01572,C0198,4/28/2025,Pending
O01573,C0383,6/17/2025,Cancelled
O01574,C0406,11/26/2025,Cancelled
O01575,C0003,6/3/2025,Pending
O01576,C0189,3/20/2025,Delivered
O01577,C0424,1/15/2026,Pending
O01578,C0266,2/23/2026,Delivered
O01579,C0103,3/22/2026,Delivered
O01580,C0297,7/28/2026,Delivered
O01581,C0073,3/17/2025,Cancelled
O01582,C0011,9/17/2025,Pending
O01583,C0317,5/23/2025,Cancelled
O01584,C0258,7/2/2026,Delivered
O01585,C0379,11/25/2025,Delivered
O01586,C0173,3/1/2025,Cancelled
O01587,C0428,2/25/2026,Delivered
O01588,C0211,1/27/2025,Cancelled
O01589,C0370,6/16/2025,Cancelled
O01590,C0051,3/15/2026,Delivered
O01591,C0049,11/4/2025,Delivered
O01592,C0392,4/8/2026,Delivered
O01593,C0417,12/14/2025,Delivered
O01594,C0472,5/28/2026,Delivered
O01595,C0163,12/9/2025,Pending
O01596,C0012,2/4/2025,Pending
O01597,C0490,2/13/2025,Delivered
O01598,C0301,4/18/2026,Delivered
O01599,C0124,1/24/2025,Cancelled
O01600,C0382,8/17/2025,Cancelled
O01601,C0452,1/10/2025,Cancelled
O01602,C0143,7/4/2025,Cancelled
O01603,C0385,12/28/2025,Pending
O01604,C0394,4/16/2025,Pending
O01605,C0251,10/11/2025,Delivered
O01606,C0317,8/29/2026,Delivered
O01607,C0135,2/12/2025,Delivered
O01608,C0465,2/8/2025,Delivered
O01609,C0492,6/14/2025,Delivered
O01610,C0491,5/18/2026,Cancelled
O01611,C0369,9/4/2025,Delivered
O01612,C0022,1/24/2026,Delivered
O01613,C0184,1/21/2025,Delivered
O01614,C0223,3/23/2026,Pending
O01615,C0480,2/10/2025,Delivered
O01616,C0274,3/9/2026,Delivered
O01617,C0269,3/31/2025,Pending
O01618,C0074,6/6/2026,Delivered
O01619,C0397,6/30/2025,Cancelled
O01620,C0169,4/22/2025,Pending
O01621,C0046,7/24/2025,Delivered
O01622,C0494,1/1/2025,Delivered
O01623,C0096,4/11/2025,Delivered
O01624,C0009,12/30/2025,Delivered
O01625,C0039,7/2/2025,Delivered
O01626,C0227,8/4/2025,Delivered
O01627,C0052,5/6/2026,Delivered
O01628,C0422,3/17/2025,Delivered
O01629,C0257,8/29/2025,Delivered
O01630,C0162,4/24/2025,Pending
O01631,C0002,10/21/2025,Cancelled
O01632,C0240,7/21/2025,Delivered
O01633,C0076,1/29/2025,Pending
O01634,C0490,2/12/2025,Delivered
O01635,C0146,6/3/2026,Delivered
O01636,C0238,2/4/2025,Delivered
O01637,C0010,4/21/2026,Delivered
O01638,C0066,7/11/2026,Pending
O01639,C0104,10/11/2025,Pending
O01640,C0026,7/9/2025,Delivered
O01641,C0363,4/18/2026,Delivered
O01642,C0473,8/21/2026,Pending
O01643,C0493,3/15/2025,Cancelled
O01644,C0133,8/10/2026,Pending
O01645,C0395,7/28/2026,Delivered
O01646,C0253,3/28/2025,Delivered
O01647,C0023,2/3/2025,Delivered
O01648,C0046,3/11/2026,Pending
O01649,C0274,2/17/2025,Pending
O01650,C0212,1/1/2026,Cancelled
O01651,C0005,2/9/2025,Cancelled
O01652,C0466,2/24/2026,Delivered
O01653,C0366,5/21/2025,Delivered
O01654,C0252,2/28/2025,Delivered
O01655,C0494,2/10/2025,Delivered
O01656,C0486,4/25/2025,Pending
O01657,C0487,11/25/2025,Delivered
O01658,C0130,2/16/2025,Cancelled
O01659,C0441,5/3/2026,Delivered
O01660,C0253,1/3/2026,Cancelled
O01661,C0364,6/30/2025,Delivered
O01662,C0430,8/23/2026,Pending
O01663,C0082,2/5/2026,Delivered
O01664,C0225,2/13/2026,Delivered
O01665,C0065,4/16/2025,Delivered
O01666,C0140,3/9/2026,Pending
O01667,C0207,12/6/2025,Cancelled
O01668,C0428,8/22/2026,Pending
O01669,C0432,10/18/2025,Delivered
O01670,C0195,2/17/2026,Delivered
O01671,C0165,7/27/2025,Pending
O01672,C0266,1/25/2025,Delivered
O01673,C0456,3/19/2025,Delivered
O01674,C0489,6/12/2026,Delivered
O01675,C0114,3/25/2026,Pending
O01676,C0094,8/10/2025,Pending
O01677,C0354,3/1/2026,Pending
O01678,C0151,1/3/2025,Delivered
O01679,C0100,1/23/2025,Delivered
O01680,C0016,11/5/2025,Cancelled
O01681,C0202,1/15/2026,Pending
O01682,C0196,7/24/2026,Delivered
O01683,C0282,4/7/2026,Pending
O01684,C0101,6/6/2025,Delivered
O01685,C0358,5/11/2026,Delivered
O01686,C0341,10/26/2025,Cancelled
O01687,C0232,5/18/2026,Cancelled
O01688,C0091,4/16/2025,Delivered
O01689,C0254,1/16/2025,Delivered
O01690,C0338,2/5/2025,Pending
O01691,C0187,8/26/2026,Pending
O01692,C0132,2/18/2025,Delivered
O01693,C0254,7/26/2026,Pending
O01694,C0178,3/19/2026,Pending
O01695,C0201,3/30/2025,Pending
O01696,C0175,6/10/2026,Delivered
O01697,C0152,3/29/2025,Delivered
O01698,C0359,3/29/2025,Pending
O01699,C0231,12/16/2025,Pending
O01700,C0234,6/25/2025,Cancelled
O01701,C0327,6/26/2025,Delivered
O01702,C0181,4/29/2025,Delivered
O01703,C0051,1/5/2026,Delivered
O01704,C0427,1/17/2025,Delivered
O01705,C0028,5/30/2025,Delivered
O01706,C0286,12/3/2025,Delivered
O01707,C0133,10/23/2025,Cancelled
O01708,C0107,3/2/2026,Delivered
O01709,C0021,5/12/2025,Delivered
O01710,C0451,1/29/2026,Pending
O01711,C0215,4/8/2026,Delivered
O01712,C0172,8/24/2025,Delivered
O01713,C0371,6/6/2025,Delivered
O01714,C0020,12/4/2025,Delivered
O01715,C0283,12/18/2025,Delivered
O01716,C0248,2/27/2025,Delivered
O01717,C0277,12/10/2025,Pending
O01718,C0062,4/4/2025,Delivered
O01719,C0477,12/12/2025,Delivered
O01720,C0120,7/21/2026,Cancelled
O01721,C0340,11/23/2025,Pending
O01722,C0374,4/8/2026,Delivered
O01723,C0172,7/8/2025,Delivered
O01724,C0066,7/16/2026,Cancelled
O01725,C0149,5/10/2026,Delivered
O01726,C0404,7/12/2026,Pending
O01727,C0454,3/27/2026,Delivered
O01728,C0469,1/30/2026,Delivered
O01729,C0114,11/16/2025,Cancelled
O01730,C0304,7/19/2026,Delivered
O01731,C0076,5/31/2026,Delivered
O01732,C0356,9/11/2025,Delivered
O01733,C0208,2/22/2025,Delivered
O01734,C0357,1/3/2025,Delivered
O01735,C0343,5/22/2025,Delivered
O01736,C0497,2/8/2025,Delivered
O01737,C0245,5/9/2025,Cancelled
O01738,C0171,3/8/2025,Pending
O01739,C0264,8/20/2026,Delivered
O01740,C0082,2/27/2025,Cancelled
O01741,C0056,1/17/2026,Delivered
O01742,C0260,8/2/2025,Delivered
O01743,C0413,4/16/2025,Pending
O01744,C0267,3/3/2026,Cancelled
O01745,C0391,8/14/2026,Delivered
O01746,C0089,4/26/2026,Delivered
O01747,C0225,8/16/2026,Cancelled
O01748,C0307,12/25/2025,Pending
O01749,C0174,2/14/2026,Delivered
O01750,C0008,3/31/2025,Delivered
O01751,C0037,6/3/2026,Delivered
O01752,C0464,3/31/2026,Cancelled
O01753,C0303,6/4/2025,Delivered
O01754,C0133,8/4/2025,Pending
O01755,C0130,1/7/2026,Pending
O01756,C0020,1/8/2025,Cancelled
O01757,C0473,5/13/2026,Delivered
O01758,C0055,6/20/2025,Pending
O01759,C0380,2/15/2025,Cancelled
O01760,C0121,7/21/2025,Delivered
O01761,C0168,5/24/2026,Delivered
O01762,C0137,6/16/2025,Pending
O01763,C0413,11/24/2025,Pending
O01764,C0017,5/9/2026,Delivered
O01765,C0177,1/21/2025,Delivered
O01766,C0140,4/8/2026,Cancelled
O01767,C0137,6/25/2025,Cancelled
O01768,C0097,2/27/2026,Delivered
O01769,C0457,4/25/2025,Pending
O01770,C0190,3/26/2025,Delivered
O01771,C0210,4/25/2026,Pending
O01772,C0193,5/7/2026,Delivered
O01773,C0491,8/20/2026,Delivered
O01774,C0170,2/16/2026,Delivered
O01775,C0171,10/11/2025,Delivered
O01776,C0164,4/29/2025,Cancelled
O01777,C0164,6/29/2025,Delivered
O01778,C0045,1/30/2026,Pending
O01779,C0303,7/30/2025,Delivered
O01780,C0013,10/21/2025,Pending
O01781,C0113,4/13/2025,Pending
O01782,C0102,9/25/2025,Delivered
O01783,C0146,5/25/2025,Cancelled
O01784,C0379,3/10/2025,Pending
O01785,C0300,3/22/2025,Delivered
O01786,C0496,11/12/2025,Delivered
O01787,C0176,8/11/2025,Pending
O01788,C0465,3/2/2025,Delivered
O01789,C0023,11/9/2025,Delivered
O01790,C0253,4/10/2025,Pending
O01791,C0400,1/10/2025,Cancelled
O01792,C0266,3/22/2025,Delivered
O01793,C0467,9/30/2025,Delivered
O01794,C0158,8/4/2026,Delivered
O01795,C0017,5/27/2025,Pending
O01796,C0387,6/23/2025,Delivered
O01797,C0035,5/28/2025,Cancelled
O01798,C0383,8/4/2025,Delivered
O01799,C0367,3/13/2026,Delivered
O01800,C0423,7/15/2025,Pending
O01801,C0240,2/4/2026,Pending
O01802,C0448,7/1/2026,Delivered
O01803,C0085,7/30/2026,Delivered
O01804,C0218,12/9/2025,Delivered
O01805,C0061,3/10/2026,Cancelled
O01806,C0384,7/13/2026,Delivered
O01807,C0358,4/24/2026,Delivered
O01808,C0404,7/2/2025,Delivered
O01809,C0383,3/22/2025,Delivered
O01810,C0155,3/11/2025,Cancelled
O01811,C0035,6/21/2026,Delivered
O01812,C0465,12/5/2025,Pending
O01813,C0247,6/30/2025,Pending
O01814,C0048,7/30/2025,Cancelled
O01815,C0464,6/21/2025,Delivered
O01816,C0498,5/3/2026,Pending
O01817,C0223,1/8/2026,Cancelled
O01818,C0386,6/19/2026,Delivered
O01819,C0019,7/3/2025,Delivered
O01820,C0047,10/15/2025,Pending
O01821,C0139,3/16/2025,Delivered
O01822,C0329,8/14/2026,Delivered
O01823,C0067,11/8/2025,Pending
O01824,C0018,12/3/2025,Delivered
O01825,C0335,9/9/2025,Cancelled
O01826,C0386,6/14/2025,Cancelled
O01827,C0370,7/31/2026,Delivered
O01828,C0400,10/25/2025,Delivered
O01829,C0402,2/15/2026,Delivered
O01830,C0302,1/23/2025,Pending
O01831,C0260,6/17/2025,Delivered
O01832,C0429,5/4/2026,Cancelled
O01833,C0175,2/23/2025,Pending
O01834,C0049,3/3/2025,Pending
O01835,C0376,5/8/2026,Delivered
O01836,C0138,7/7/2025,Delivered
O01837,C0490,6/16/2025,Cancelled
O01838,C0208,12/10/2025,Delivered
O01839,C0426,4/29/2025,Cancelled
O01840,C0022,1/27/2025,Cancelled
O01841,C0330,1/3/2025,Cancelled
O01842,C0225,2/18/2025,Delivered
O01843,C0232,4/7/2025,Cancelled
O01844,C0133,2/28/2026,Delivered
O01845,C0486,7/1/2025,Pending
O01846,C0197,2/13/2025,Cancelled
O01847,C0426,1/9/2025,Pending
O01848,C0213,10/18/2025,Pending
O01849,C0025,5/26/2026,Pending
O01850,C0440,7/25/2025,Cancelled
O01851,C0093,2/8/2025,Delivered
O01852,C0136,5/19/2025,Delivered
O01853,C0431,10/31/2025,Delivered
O01854,C0447,4/25/2025,Delivered
O01855,C0459,8/18/2026,Cancelled
O01856,C0213,4/10/2026,Delivered
O01857,C0379,7/29/2025,Delivered
O01858,C0164,8/2/2026,Delivered
O01859,C0371,7/17/2025,Cancelled
O01860,C0252,3/27/2025,Delivered
O01861,C0026,7/25/2026,Delivered
O01862,C0209,8/7/2026,Delivered
O01863,C0234,7/10/2025,Pending
O01864,C0129,12/28/2025,Delivered
O01865,C0188,4/16/2025,Delivered
O01866,C0252,1/26/2026,Delivered
O01867,C0025,2/24/2026,Delivered
O01868,C0076,3/8/2026,Delivered
O01869,C0384,12/12/2025,Pending
O01870,C0176,3/5/2026,Delivered
O01871,C0305,12/4/2025,Delivered
O01872,C0283,5/14/2026,Delivered
O01873,C0276,4/20/2025,Delivered
O01874,C0207,10/21/2025,Cancelled
O01875,C0242,9/11/2025,Cancelled
O01876,C0412,11/21/2025,Delivered
O01877,C0483,3/28/2025,Cancelled
O01878,C0129,7/16/2025,Pending
O01879,C0335,8/4/2026,Delivered
O01880,C0485,3/5/2025,Delivered
O01881,C0004,1/22/2026,Pending
O01882,C0393,2/9/2026,Delivered
O01883,C0249,10/16/2025,Cancelled
O01884,C0484,1/21/2025,Delivered
O01885,C0290,1/21/2025,Delivered
O01886,C0420,6/17/2025,Delivered
O01887,C0084,3/4/2025,Delivered
O01888,C0072,2/27/2025,Delivered
O01889,C0464,4/8/2025,Delivered
O01890,C0264,4/26/2025,Pending
O01891,C0280,5/25/2026,Delivered
O01892,C0085,1/24/2026,Pending
O01893,C0114,1/19/2025,Delivered
O01894,C0410,1/18/2026,Delivered
O01895,C0152,3/25/2025,Delivered
O01896,C0293,9/14/2025,Delivered
O01897,C0159,1/24/2025,Pending
O01898,C0132,2/24/2025,Cancelled
O01899,C0084,3/22/2025,Delivered
O01900,C0465,9/21/2025,Delivered
O01901,C0471,10/9/2025,Delivered
O01902,C0058,8/3/2025,Delivered
O01903,C0177,1/13/2026,Delivered
O01904,C0282,3/15/2026,Cancelled
O01905,C0192,3/20/2026,Delivered
O01906,C0361,12/19/2025,Delivered
O01907,C0131,11/28/2025,Delivered
O01908,C0030,10/26/2025,Cancelled
O01909,C0169,5/25/2025,Delivered
O01910,C0299,10/24/2025,Delivered
O01911,C0091,1/7/2025,Delivered
O01912,C0408,8/11/2026,Delivered
O01913,C0007,8/14/2025,Cancelled
O01914,C0034,4/5/2026,Delivered
O01915,C0255,8/5/2026,Delivered
O01916,C0257,10/30/2025,Cancelled
O01917,C0148,6/8/2026,Delivered
O01918,C0130,10/19/2025,Delivered
O01919,C0035,3/22/2025,Pending
O01920,C0332,1/17/2025,Cancelled
O01921,C0190,3/24/2025,Cancelled
O01922,C0060,7/28/2026,Cancelled
O01923,C0200,10/16/2025,Cancelled
O01924,C0469,7/14/2025,Cancelled
O01925,C0131,9/29/2025,Delivered
O01926,C0448,6/5/2025,Delivered
O01927,C0130,6/14/2026,Delivered
O01928,C0093,8/31/2026,Delivered
O01929,C0131,2/21/2025,Cancelled
O01930,C0162,3/13/2026,Delivered
O01931,C0061,7/24/2025,Pending
O01932,C0294,1/29/2025,Delivered
O01933,C0167,7/15/2026,Delivered
O01934,C0360,2/7/2025,Pending
O01935,C0246,5/6/2025,Delivered
O01936,C0222,1/16/2025,Delivered
O01937,C0236,10/14/2025,Delivered
O01938,C0079,12/31/2025,Pending
O01939,C0357,7/14/2025,Cancelled
O01940,C0053,2/13/2025,Delivered
O01941,C0361,3/12/2025,Delivered
O01942,C0500,7/22/2026,Delivered
O01943,C0382,5/5/2026,Cancelled
O01944,C0228,7/24/2026,Delivered
O01945,C0158,11/19/2025,Cancelled
O01946,C0437,11/29/2025,Cancelled
O01947,C0129,4/23/2026,Delivered
O01948,C0242,1/10/2026,Delivered
O01949,C0386,9/23/2025,Cancelled
O01950,C0462,6/27/2025,Delivered
O01951,C0461,10/23/2025,Pending
O01952,C0044,2/8/2025,Cancelled
O01953,C0450,4/28/2025,Pending
O01954,C0058,3/25/2026,Delivered
O01955,C0293,6/12/2026,Pending
O01956,C0465,3/3/2025,Delivered
O01957,C0328,2/28/2025,Delivered
O01958,C0474,2/22/2025,Delivered
O01959,C0173,4/27/2026,Cancelled
O01960,C0158,7/9/2025,Delivered
O01961,C0164,7/18/2025,Delivered
O01962,C0178,1/8/2025,Delivered
O01963,C0342,8/15/2026,Cancelled
O01964,C0227,9/21/2025,Delivered
O01965,C0369,4/30/2026,Delivered
O01966,C0209,3/7/2026,Cancelled
O01967,C0154,3/28/2025,Delivered
O01968,C0096,5/3/2026,Delivered
O01969,C0276,12/1/2025,Delivered
O01970,C0450,1/3/2026,Delivered
O01971,C0430,5/2/2025,Delivered
O01972,C0127,5/30/2026,Delivered
O01973,C0239,7/21/2026,Delivered
O01974,C0353,9/5/2025,Delivered
O01975,C0307,2/26/2025,Delivered
O01976,C0034,6/1/2026,Delivered
O01977,C0296,6/24/2026,Delivered
O01978,C0020,11/4/2025,Delivered
O01979,C0059,12/19/2025,Delivered
O01980,C0327,5/16/2025,Delivered
O01981,C0052,2/11/2025,Pending
O01982,C0170,7/29/2026,Delivered
O01983,C0295,10/21/2025,Pending
O01984,C0328,6/17/2025,Pending
O01985,C0223,2/26/2026,Pending
O01986,C0048,1/16/2025,Pending
O01987,C0400,2/18/2025,Delivered
O01988,C0475,5/28/2025,Delivered
O01989,C0445,10/1/2025,Cancelled
O01990,C0375,8/11/2025,Delivered
O01991,C0202,4/24/2025,Delivered
O01992,C0439,8/2/2025,Delivered
O01993,C0245,7/23/2025,Pending
O01994,C0069,11/15/2025,Pending
O01995,C0426,12/9/2025,Delivered
O01996,C0161,6/21/2026,Delivered
O01997,C0470,5/6/2026,Delivered
O01998,C0185,6/27/2025,Delivered
O01999,C0435,7/3/2026,Delivered
O02000,C0269,11/13/2025,Delivered
O02001,C0234,4/25/2025,Delivered
O02002,C0149,7/26/2025,Delivered
O02003,C0418,3/27/2026,Delivered
O02004,C0031,5/15/2026,Delivered
O02005,C0235,8/16/2025,Delivered
O02006,C0185,4/6/2025,Pending
O02007,C0272,4/27/2025,Cancelled
O02008,C0128,3/4/2025,Pending
O02009,C0333,3/1/2026,Delivered
O02010,C0193,11/2/2025,Delivered
O02011,C0095,10/2/2025,Pending
O02012,C0099,2/13/2026,Delivered
O02013,C0349,5/19/2026,Cancelled
O02014,C0131,4/29/2026,Delivered
O02015,C0154,3/25/2025,Delivered
O02016,C0314,12/25/2025,Delivered
O02017,C0165,6/21/2026,Delivered
O02018,C0195,4/16/2026,Delivered
O02019,C0123,7/20/2025,Cancelled
O02020,C0173,8/27/2025,Delivered
O02021,C0347,6/26/2026,Delivered
O02022,C0267,1/20/2025,Pending
O02023,C0499,11/16/2025,Delivered
O02024,C0386,3/12/2025,Pending
O02025,C0009,6/28/2026,Cancelled
O02026,C0190,1/24/2025,Cancelled
O02027,C0145,1/15/2025,Pending
O02028,C0294,7/19/2025,Cancelled
O02029,C0133,5/2/2025,Delivered
O02030,C0484,10/29/2025,Delivered
O02031,C0150,7/2/2025,Delivered
O02032,C0261,8/5/2025,Delivered
O02033,C0062,12/10/2025,Cancelled
O02034,C0455,12/7/2025,Delivered
O02035,C0456,7/23/2026,Cancelled
O02036,C0397,10/20/2025,Delivered
O02037,C0176,12/10/2025,Delivered
O02038,C0030,2/17/2026,Delivered
O02039,C0356,4/16/2025,Cancelled
O02040,C0215,2/10/2026,Pending
O02041,C0496,6/9/2026,Cancelled
O02042,C0350,7/13/2025,Delivered
O02043,C0270,4/19/2025,Cancelled
O02044,C0494,7/30/2025,Delivered
O02045,C0401,6/17/2025,Delivered
O02046,C0230,12/22/2025,Delivered
O02047,C0010,6/10/2026,Delivered
O02048,C0047,12/29/2025,Pending
O02049,C0222,3/18/2025,Cancelled
O02050,C0282,7/11/2025,Delivered
O02051,C0016,2/24/2026,Pending
O02052,C0064,7/20/2025,Delivered
O02053,C0353,12/23/2025,Delivered
O02054,C0376,2/26/2026,Delivered
O02055,C0015,7/20/2025,Delivered
O02056,C0254,1/29/2026,Cancelled
O02057,C0041,8/31/2025,Pending
O02058,C0362,3/24/2025,Pending
O02059,C0418,8/15/2025,Pending
O02060,C0435,9/26/2025,Delivered
O02061,C0300,1/2/2025,Delivered
O02062,C0315,6/27/2026,Pending
O02063,C0464,11/17/2025,Pending
O02064,C0307,1/23/2025,Delivered
O02065,C0224,6/12/2026,Delivered
O02066,C0378,6/4/2026,Cancelled
O02067,C0296,1/8/2025,Delivered
O02068,C0422,4/10/2025,Delivered
O02069,C0263,8/10/2025,Pending
O02070,C0435,11/5/2025,Delivered
O02071,C0023,3/18/2026,Delivered
O02072,C0019,9/15/2025,Cancelled
O02073,C0050,1/7/2026,Delivered
O02074,C0279,1/7/2025,Delivered
O02075,C0355,2/5/2026,Pending
O02076,C0109,7/11/2026,Delivered
O02077,C0078,11/16/2025,Cancelled
O02078,C0431,10/4/2025,Pending
O02079,C0376,6/30/2025,Delivered
O02080,C0325,8/4/2026,Pending
O02081,C0245,1/21/2025,Delivered
O02082,C0211,6/24/2025,Delivered
O02083,C0011,3/26/2025,Pending
O02084,C0095,6/11/2026,Cancelled
O02085,C0449,10/21/2025,Pending
O02086,C0170,7/15/2026,Cancelled
O02087,C0353,2/9/2026,Cancelled
O02088,C0352,12/5/2025,Delivered
O02089,C0155,11/11/2025,Delivered
O02090,C0103,5/4/2025,Pending
O02091,C0346,12/8/2025,Cancelled
O02092,C0047,2/21/2026,Delivered
O02093,C0248,8/10/2026,Delivered
O02094,C0445,11/30/2025,Cancelled
O02095,C0356,7/25/2026,Delivered
O02096,C0383,7/29/2026,Delivered
O02097,C0042,11/14/2025,Cancelled
O02098,C0100,9/25/2025,Delivered
O02099,C0138,3/28/2025,Cancelled
O02100,C0147,6/13/2025,Delivered
O02101,C0098,6/19/2026,Pending
O02102,C0487,3/26/2025,Delivered
O02103,C0083,8/30/2025,Pending
O02104,C0355,3/1/2026,Pending
O02105,C0294,5/27/2025,Delivered
O02106,C0306,8/16/2026,Pending
O02107,C0108,1/30/2026,Cancelled
O02108,C0154,1/18/2025,Delivered
O02109,C0304,5/31/2025,Delivered
O02110,C0150,3/27/2026,Delivered
O02111,C0348,6/9/2026,Delivered
O02112,C0020,7/18/2026,Delivered
O02113,C0037,6/2/2026,Pending
O02114,C0365,2/15/2025,Delivered
O02115,C0309,3/20/2026,Delivered
O02116,C0022,3/8/2025,Delivered
O02117,C0450,2/16/2025,Delivered
O02118,C0003,2/25/2026,Pending
O02119,C0478,10/18/2025,Delivered
O02120,C0365,1/29/2026,Cancelled
O02121,C0495,6/2/2026,Delivered
O02122,C0475,2/11/2025,Delivered
O02123,C0157,11/17/2025,Cancelled
O02124,C0379,5/23/2026,Delivered
O02125,C0106,9/25/2025,Cancelled
O02126,C0236,11/15/2025,Cancelled
O02127,C0121,10/30/2025,Cancelled
O02128,C0244,7/6/2026,Delivered
O02129,C0437,1/31/2025,Delivered
O02130,C0219,6/18/2026,Delivered
O02131,C0047,5/12/2026,Delivered
O02132,C0163,5/10/2026,Delivered
O02133,C0394,9/8/2025,Cancelled
O02134,C0261,11/10/2025,Delivered
O02135,C0281,8/13/2025,Pending
O02136,C0216,6/3/2025,Delivered
O02137,C0147,6/17/2026,Delivered
O02138,C0300,11/4/2025,Cancelled
O02139,C0317,3/16/2026,Delivered
O02140,C0450,3/3/2025,Delivered
O02141,C0309,4/25/2026,Cancelled
O02142,C0498,2/5/2026,Delivered
O02143,C0414,8/30/2026,Cancelled
O02144,C0040,3/23/2025,Delivered
O02145,C0197,11/25/2025,Pending
O02146,C0193,11/7/2025,Pending
O02147,C0002,11/24/2025,Pending
O02148,C0091,2/3/2025,Delivered
O02149,C0382,10/15/2025,Delivered
O02150,C0177,7/2/2025,Delivered
O02151,C0074,1/11/2026,Delivered
O02152,C0144,5/22/2025,Delivered
O02153,C0138,9/22/2025,Cancelled
O02154,C0088,1/12/2026,Delivered
O02155,C0051,2/8/2025,Pending
O02156,C0383,4/24/2026,Delivered
O02157,C0413,3/12/2026,Cancelled
O02158,C0249,2/4/2025,Cancelled
O02159,C0308,2/9/2025,Pending
O02160,C0460,6/1/2026,Delivered
O02161,C0422,6/22/2025,Cancelled
O02162,C0017,6/8/2026,Delivered
O02163,C0477,10/31/2025,Delivered
O02164,C0034,7/28/2025,Delivered
O02165,C0014,6/16/2025,Pending
O02166,C0202,2/5/2026,Cancelled
O02167,C0373,3/8/2025,Pending
O02168,C0041,9/2/2025,Pending
O02169,C0147,7/30/2025,Delivered
O02170,C0132,4/4/2025,Cancelled
O02171,C0199,8/3/2025,Delivered
O02172,C0494,11/18/2025,Delivered
O02173,C0166,2/16/2026,Delivered
O02174,C0105,2/22/2025,Cancelled
O02175,C0062,6/15/2026,Pending
O02176,C0100,6/19/2026,Cancelled
O02177,C0067,2/25/2026,Pending
O02178,C0287,7/16/2026,Delivered
O02179,C0211,9/18/2025,Pending
O02180,C0249,5/15/2026,Delivered
O02181,C0417,3/19/2026,Cancelled
O02182,C0291,12/9/2025,Cancelled
O02183,C0078,4/20/2025,Cancelled
O02184,C0189,12/6/2025,Delivered
O02185,C0157,7/3/2026,Cancelled
O02186,C0414,8/22/2026,Cancelled
O02187,C0154,9/30/2025,Pending
O02188,C0070,5/31/2025,Delivered
O02189,C0369,3/31/2026,Delivered
O02190,C0215,2/16/2025,Delivered
O02191,C0048,4/2/2025,Delivered
O02192,C0345,12/8/2025,Delivered
O02193,C0106,8/26/2026,Delivered
O02194,C0435,7/19/2025,Cancelled
O02195,C0417,9/27/2025,Delivered
O02196,C0185,7/15/2025,Pending
O02197,C0278,9/25/2025,Cancelled
O02198,C0284,1/5/2025,Delivered
O02199,C0327,12/28/2025,Delivered
O02200,C0035,12/29/2025,Delivered
