customer_id,total_spending,number_of_orders,average_order_value,purchase_frequency,recency_days,customer_lifetime_value,segment
C0001,19869.75,1,19869.75,1,412,19869.75,Inactive Customers
C0002,36618.9735,3,12206.3245,3,280,36618.9735,At-Risk Customers
C0003,254148.788,7,36306.96971428571,7,41,254148.78799999997,VIP Customers
C0004,67823.939,2,33911.9695,2,150,67823.939,Regular Customers
C0005,40392.739,2,20196.3695,2,53,40392.739,Regular Customers
C0006,80166.84850000001,2,40083.424250000004,2,150,80166.84850000001,High-Value Customers
C0007,47688.247,3,15896.082333333334,3,382,47688.247,Inactive Customers
C0008,70252.286,3,23417.428666666663,3,500,70252.286,Inactive Customers
C0009,105667.62849999999,5,21133.5257,5,49,105667.62849999999,High-Value Customers
C0010,92216.294,3,30738.764666666666,3,82,92216.294,High-Value Customers
C0011,96519.7605,4,24129.940125,4,246,96519.7605,At-Risk Customers
C0012,212039.2135,6,35339.868916666666,6,144,212039.2135,VIP Customers
C0013,82373.194,3,27457.731333333333,3,231,82373.194,At-Risk Customers
C0014,46776.023,3,15592.007666666666,3,287,46776.023,At-Risk Customers
C0015,9038.437,1,9038.437,1,407,9038.437,Inactive Customers
C0016,168521.4095,6,28086.901583333336,6,113,168521.4095,VIP Customers
C0017,158209.7225,6,26368.287083333333,6,8,158209.7225,VIP Customers
C0018,91153.054,5,18230.610800000002,5,188,91153.054,At-Risk Customers
C0019,125577.70999999999,5,25115.541999999998,5,108,125577.70999999999,High-Value Customers
C0020,172836.3025,6,28806.050416666665,6,44,172836.3025,VIP Customers
C0021,130370.514,4,32592.6285,4,247,130370.514,At-Risk Customers
C0022,137696.9205,4,34424.230125,4,219,137696.9205,At-Risk Customers
C0023,142481.7355,8,17810.2169375,8,102,142481.7355,High-Value Customers
C0024,27406.174,2,13703.087,2,129,27406.174,Low-Value Customers
C0025,61169.820999999996,3,20389.940333333332,3,97,61169.820999999996,Regular Customers
C0026,149526.2495,7,21360.892785714288,7,37,149526.2495,High-Value Customers
C0027,38907.221000000005,1,38907.221000000005,1,407,38907.221000000005,Inactive Customers
C0028,99367.67450000001,4,24841.918625000002,4,158,99367.67450000001,High-Value Customers
C0029,59577.7425,3,19859.2475,3,240,59577.74250000001,At-Risk Customers
C0030,184586.395,7,26369.484999999997,7,46,184586.395,VIP Customers
C0031,112006.791,5,22401.3582,5,95,112006.791,High-Value Customers
C0032,57120.709,3,19040.236333333334,3,192,57120.709,At-Risk Customers
C0033,47086.129,1,47086.129,1,12,47086.129,Low-Value Customers
C0034,199707.922,6,33284.653666666665,6,32,199707.922,VIP Customers
C0035,167807.6225,9,18645.291388888887,9,71,167807.6225,VIP Customers
C0036,156082.422,7,22297.488857142856,7,21,156082.422,VIP Customers
C0037,66073.582,3,22024.52733333333,3,89,66073.582,Regular Customers
C0038,52816.599,3,17605.533,3,19,52816.599,Regular Customers
C0039,135019.494,4,33754.8735,4,47,135019.494,High-Value Customers
C0040,35838.5855,2,17919.29275,2,515,35838.5855,Inactive Customers
C0041,142825.0395,5,28565.007900000004,5,63,142825.0395,High-Value Customers
C0042,135424.217,4,33856.05425,4,14,135424.217,High-Value Customers
C0043,58654.025,2,29327.0125,2,66,58654.025,Regular Customers
C0044,180525.35450000002,6,30087.559083333337,6,6,180525.35450000002,VIP Customers
C0045,142304.6885,4,35576.172125,4,52,142304.6885,High-Value Customers
C0046,60266.543999999994,4,15066.635999999999,4,173,60266.543999999994,Regular Customers
C0047,194848.7155,5,38969.7431,5,111,194848.7155,VIP Customers
C0048,162653.1875,7,23236.16964285714,7,38,162653.1875,VIP Customers
C0049,166084.556,6,27680.759333333335,6,58,166084.556,VIP Customers
C0050,187592.0915,5,37518.418300000005,5,43,187592.09150000004,VIP Customers
C0051,153427.724,4,38356.931,4,1,153427.724,High-Value Customers
C0052,272487.293,8,34060.911625,8,55,272487.293,VIP Customers
C0053,113448.10100000001,6,18908.016833333335,6,5,113448.10100000001,High-Value Customers
C0054,39940.1495,3,13313.383166666667,3,88,39940.1495,Regular Customers
C0055,113835.6465,5,22767.1293,5,156,113835.6465,High-Value Customers
C0056,76582.187,3,25527.395666666667,3,162,76582.187,High-Value Customers
C0057,90108.103,4,22527.02575,4,270,90108.103,At-Risk Customers
C0058,168510.0735,5,33702.0147,5,22,168510.0735,VIP Customers
C0059,97692.4335,4,24423.108375,4,255,97692.4335,At-Risk Customers
C0060,84770.12950000001,4,21192.532375000003,4,34,84770.12950000001,High-Value Customers
C0061,194804.5115,6,32467.418583333332,6,174,194804.5115,VIP Customers
C0062,86080.4005,5,17216.0801,5,77,86080.40049999999,High-Value Customers
C0063,40460.6415,1,40460.6415,1,42,40460.6415,Low-Value Customers
C0064,285429.8765,9,31714.430722222223,9,90,285429.8765,VIP Customers
C0065,222154.32,6,37025.72,6,147,222154.32,VIP Customers
C0066,94485.724,6,15747.620666666668,6,4,94485.724,High-Value Customers
C0067,158082.04,6,26347.006666666668,6,42,158082.04,VIP Customers
C0068,96812.5895,3,32270.863166666666,3,272,96812.5895,At-Risk Customers
C0069,69202.17749999999,2,34601.088749999995,2,289,69202.17749999999,At-Risk Customers
C0070,66104.5465,4,16526.136625,4,175,66104.5465,Regular Customers
C0071,161612.61000000002,6,26935.435,6,206,161612.61000000002,At-Risk Customers
C0072,79556.335,2,39778.1675,2,364,79556.335,At-Risk Customers
C0073,66592.025,2,33296.0125,2,129,66592.025,Regular Customers
C0074,63354.377,3,21118.125666666667,3,86,63354.377,Regular Customers
C0075,109224.741,4,27306.18525,4,65,109224.741,High-Value Customers
C0076,134742.399,6,22457.0665,6,49,134742.399,High-Value Customers
C0077,145548.172,5,29109.6344,5,42,145548.172,High-Value Customers
C0078,157592.43099999998,7,22513.204428571426,7,107,157592.43099999998,VIP Customers
C0079,98677.463,5,19735.4926,5,95,98677.463,High-Value Customers
C0080,29524.925000000003,1,29524.925000000003,1,241,29524.925000000003,At-Risk Customers
C0081,119630.279,5,23926.0558,5,147,119630.279,High-Value Customers
C0082,149519.923,5,29903.984600000003,5,198,149519.923,At-Risk Customers
C0083,45467.5215,2,22733.76075,2,247,45467.5215,At-Risk Customers
C0084,116486.647,5,23297.3294,5,281,116486.647,At-Risk Customers
C0085,204907.112,8,25613.389,8,2,204907.112,VIP Customers
C0086,6577.6995,1,6577.6995,1,447,6577.6995,Inactive Customers
C0087,38754.919,3,12918.306333333334,3,84,38754.919,Regular Customers
C0088,153149.7035,7,21878.529071428573,7,79,153149.7035,VIP Customers
C0089,74138.7285,5,14827.7457,5,52,74138.7285,Regular Customers
C0090,22196.305,2,11098.1525,2,67,22196.305,Low-Value Customers
C0091,148764.663,7,21252.094714285715,7,71,148764.663,High-Value Customers
C0092,65963.599,3,21987.866333333335,3,153,65963.599,Regular Customers
C0093,180206.19700000001,5,36041.239400000006,5,0,180206.19700000004,VIP Customers
C0094,104905.47099999999,6,17484.245166666664,6,250,104905.47099999999,At-Risk Customers
C0095,209387.15,9,23265.23888888889,9,81,209387.15,VIP Customers
C0096,64615.837,4,16153.95925,4,109,64615.837,Regular Customers
C0097,69268.1445,5,13853.6289,5,77,69268.1445,Regular Customers
C0098,171079.4075,6,28513.234583333335,6,31,171079.4075,VIP Customers
C0099,245891.702,6,40981.950333333334,6,59,245891.702,VIP Customers
C0100,165286.389,8,20660.798625,8,73,165286.389,VIP Customers
C0101,133714.2245,5,26742.844900000004,5,142,133714.2245,High-Value Customers
C0102,62261.909999999996,5,12452.382,5,99,62261.909999999996,Regular Customers
C0103,108187.3025,5,21637.4605,5,25,108187.3025,High-Value Customers
C0104,125164.0035,5,25032.8007,5,70,125164.00349999999,High-Value Customers
C0105,125315.795,4,31328.94875,4,33,125315.795,High-Value Customers
C0106,133967.2205,5,26793.4441,5,5,133967.2205,High-Value Customers
C0107,46085.028,2,23042.514,2,182,46085.028,At-Risk Customers
C0108,191322.12,10,19132.212,10,3,191322.12,VIP Customers
C0109,97680.1685,4,24420.042125,4,51,97680.1685,High-Value Customers
C0110,45430.306,2,22715.153,2,56,45430.306,Regular Customers
C0111,76932.722,3,25644.240666666665,3,195,76932.722,At-Risk Customers
C0112,149292.55349999998,6,24882.092249999998,6,179,149292.55349999998,High-Value Customers
C0113,167833.526,9,18648.169555555556,9,34,167833.526,VIP Customers
C0114,187580.901,6,31263.483500000002,6,127,187580.901,VIP Customers
C0115,25585.807,2,12792.9035,2,366,25585.807,Inactive Customers
C0116,63436.626,3,21145.541999999998,3,344,63436.62599999999,At-Risk Customers
C0117,46267.519,1,46267.519,1,82,46267.519,Low-Value Customers
C0118,79915.405,3,26638.468333333334,3,141,79915.405,High-Value Customers
C0119,156757.3315,4,39189.332875,4,198,156757.3315,At-Risk Customers
C0120,41779.001,3,13926.333666666666,3,41,41779.001,Regular Customers
C0121,194183.5525,9,21575.950277777778,9,133,194183.5525,VIP Customers
C0122,14045.682,1,14045.682,1,573,14045.682,Inactive Customers
C0123,189035.6425,7,27005.091785714285,7,31,189035.6425,VIP Customers
C0124,104322.26150000001,4,26080.565375000002,4,158,104322.26150000001,High-Value Customers
C0125,103616.056,6,17269.342666666667,6,4,103616.05600000001,High-Value Customers
C0126,67009.0385,2,33504.51925,2,178,67009.0385,Regular Customers
C0127,136998.352,3,45666.117333333335,3,17,136998.352,High-Value Customers
C0128,148853.8265,4,37213.456625,4,98,148853.8265,High-Value Customers
C0129,166717.431,6,27786.238500000003,6,65,166717.431,VIP Customers
C0130,65506.859,4,16376.71475,4,78,65506.859,Regular Customers
C0131,150135.6635,6,25022.61058333333,6,124,150135.6635,VIP Customers
C0132,67294.7495,5,13458.949900000001,5,25,67294.7495,Regular Customers
C0133,224018.011,8,28002.251375,8,21,224018.011,VIP Customers
C0134,23091.760000000002,1,23091.760000000002,1,471,23091.760000000002,Inactive Customers
C0135,67629.414,4,16907.3535,4,210,67629.414,At-Risk Customers
C0136,66036.06450000001,4,16509.016125000002,4,223,66036.06450000001,At-Risk Customers
C0137,89302.4145,5,17860.4829,5,93,89302.4145,High-Value Customers
C0138,126984.4075,6,21164.067916666667,6,167,126984.4075,High-Value Customers
C0139,60946.49,4,15236.6225,4,105,60946.49,Regular Customers
C0140,149671.9315,4,37417.982875,4,145,149671.9315,High-Value Customers
C0142,118434.84,5,23686.968,5,20,118434.84,High-Value Customers
C0143,70065.005,5,14013.001,5,217,70065.005,At-Risk Customers
C0144,163898.98249999998,5,32779.7965,5,394,163898.98249999998,Inactive Customers
C0145,177330.4365,7,25332.9195,7,116,177330.4365,VIP Customers
C0146,62546.546500000004,5,12509.3093,5,74,62546.546500000004,Regular Customers
C0147,57686.8775,3,19228.959166666667,3,75,57686.8775,Regular Customers
C0148,43781.4845,3,14593.828166666666,3,84,43781.4845,Regular Customers
C0149,53028.5995,4,13257.149875,4,113,53028.5995,Regular Customers
C0150,121202.277,3,40400.759,3,157,121202.277,High-Value Customers
C0151,201796.403,6,33632.73383333333,6,38,201796.403,VIP Customers
C0152,109661.5115,6,18276.918583333332,6,113,109661.5115,High-Value Customers
C0153,57103.152,2,28551.576,2,367,57103.152,Inactive Customers
C0154,100722.93549999999,7,14388.990785714284,7,1,100722.93549999999,High-Value Customers
C0155,159634.419,5,31926.8838,5,293,159634.419,At-Risk Customers
C0156,116327.822,4,29081.9555,4,60,116327.822,High-Value Customers
C0157,128654.001,4,32163.50025,4,59,128654.001,High-Value Customers
C0158,194276.11800000002,5,38855.223600000005,5,27,194276.11800000002,VIP Customers
C0159,92713.22,3,30904.406666666666,3,37,92713.22,High-Value Customers
C0161,188420.6745,7,26917.239214285713,7,71,188420.6745,VIP Customers
C0162,94831.6,5,18966.32,5,98,94831.6,High-Value Customers
C0163,57879.6005,4,14469.900125,4,111,57879.6005,Regular Customers
C0164,123169.46100000001,7,17595.63728571429,7,29,123169.46100000002,High-Value Customers
C0165,125387.26,5,25077.451999999997,5,55,125387.25999999998,High-Value Customers
C0166,75761.7225,5,15152.344500000001,5,60,75761.7225,High-Value Customers
C0167,31534.237,3,10511.412333333334,3,47,31534.237,Regular Customers
C0168,146606.061,5,29321.212199999998,5,99,146606.061,High-Value Customers
C0169,156834.4075,5,31366.8815,5,91,156834.4075,VIP Customers
C0170,169803.18,7,24257.597142857143,7,4,169803.18,VIP Customers
C0171,81203.2745,4,20300.818625,4,146,81203.2745,High-Value Customers
C0172,111554.569,6,18592.42816666667,6,104,111554.56900000002,High-Value Customers
C0173,173799.6485,6,28966.608083333336,6,126,173799.6485,VIP Customers
C0174,66745.373,4,16686.34325,4,34,66745.373,Regular Customers
C0175,165136.6055,6,27522.767583333334,6,82,165136.6055,VIP Customers
C0176,106895.535,4,26723.88375,4,94,106895.535,High-Value Customers
C0177,202771.5745,6,33795.262416666665,6,230,202771.5745,At-Risk Customers
C0178,67798.2625,4,16949.565625,4,165,67798.2625,Regular Customers
C0179,58066.6495,2,29033.32475,2,167,58066.6495,Regular Customers
C0180,161611.13450000001,7,23087.30492857143,7,49,161611.13450000001,VIP Customers
C0181,125385.085,5,25077.017,5,53,125385.08499999999,High-Value Customers
C0182,5812.243,1,5812.243,1,362,5812.243,At-Risk Customers
C0183,97752.299,4,24438.07475,4,8,97752.299,High-Value Customers
C0184,42825.5975,2,21412.79875,2,52,42825.5975,Regular Customers
C0185,272655.389,9,30295.043222222226,9,155,272655.389,VIP Customers
C0186,101279.933,3,33759.977666666666,3,69,101279.93299999999,High-Value Customers
C0187,134058.098,4,33514.5245,4,5,134058.098,High-Value Customers
C0188,80119.613,2,40059.8065,2,148,80119.613,High-Value Customers
C0189,50216.63,4,12554.1575,4,195,50216.63,At-Risk Customers
C0190,182501.9755,9,20277.997277777777,9,5,182501.9755,VIP Customers
C0191,18630.533,2,9315.2665,2,100,18630.533,Low-Value Customers
C0192,119549.62,6,19924.936666666665,6,77,119549.62,High-Value Customers
C0193,64654.064,3,21551.354666666666,3,116,64654.064,Regular Customers
C0194,29238.228,2,14619.114,2,47,29238.228,Low-Value Customers
C0195,174609.4485,7,24944.206928571428,7,46,174609.4485,VIP Customers
C0196,76428.12150000001,3,25476.040500000003,3,7,76428.12150000001,High-Value Customers
C0197,142181.817,6,23696.969500000003,6,71,142181.817,High-Value Customers
C0198,95692.983,5,19138.596599999997,5,280,95692.98299999998,At-Risk Customers
C0199,105754.58649999999,4,26438.646624999998,4,160,105754.58649999999,High-Value Customers
C0200,66797.193,2,33398.5965,2,198,66797.193,At-Risk Customers
C0201,125389.02399999999,5,25077.804799999998,5,155,125389.02399999999,High-Value Customers
C0202,264974.67,8,33121.83375,8,7,264974.67,VIP Customers
C0203,28941.532000000003,1,28941.532000000003,1,168,28941.532000000003,Low-Value Customers
C0204,70894.532,4,17723.633,4,141,70894.532,Regular Customers
C0205,136727.041,6,22787.840166666665,6,46,136727.041,High-Value Customers
C0206,49414.141,2,24707.0705,2,65,49414.141,Regular Customers
C0207,182395.18,7,26056.454285714284,7,25,182395.18,VIP Customers
C0208,206301.2955,7,29471.613642857144,7,264,206301.2955,At-Risk Customers
C0209,134534.508,5,26906.9016,5,24,134534.508,High-Value Customers
C0210,66683.95,2,33341.975,2,128,66683.95,Regular Customers
C0211,204670.7635,7,29238.6805,7,267,204670.7635,At-Risk Customers
C0212,69937.3205,4,17484.330125,4,242,69937.3205,At-Risk Customers
C0213,187995.3495,7,26856.4785,7,45,187995.3495,VIP Customers
C0215,134839.30049999998,6,22473.216749999996,6,33,134839.30049999998,High-Value Customers
C0216,149813.2475,6,24968.874583333334,6,22,149813.2475,High-Value Customers
C0217,53510.4685,3,17836.822833333335,3,217,53510.4685,At-Risk Customers
C0218,134753.344,7,19250.477714285717,7,61,134753.344,High-Value Customers
C0219,87671.8165,4,21917.954125,4,74,87671.8165,High-Value Customers
C0220,98468.5685,6,16411.428083333332,6,72,98468.5685,High-Value Customers
C0221,85226.28600000001,4,21306.571500000002,4,53,85226.28600000001,High-Value Customers
C0222,200401.6085,5,40080.3217,5,146,200401.6085,VIP Customers
C0223,128373.293,6,21395.548833333334,6,137,128373.293,High-Value Customers
C0224,132923.3125,7,18989.04464285714,7,80,132923.3125,High-Value Customers
C0225,160280.7435,6,26713.457250000003,6,15,160280.7435,VIP Customers
C0226,83501.057,5,16700.2114,5,153,83501.057,High-Value Customers
C0227,262101.52349999998,7,37443.074785714285,7,127,262101.5235,VIP Customers
C0228,102363.6225,4,25590.905625,4,38,102363.6225,High-Value Customers
C0229,65779.3465,4,16444.836625,4,116,65779.3465,Regular Customers
C0230,60315.743,3,20105.247666666666,3,252,60315.743,At-Risk Customers
C0231,87757.4785,4,21939.369625,4,118,87757.4785,High-Value Customers
C0232,154207.3885,6,25701.231416666666,6,105,154207.3885,VIP Customers
C0233,10654.816,1,10654.816,1,487,10654.816,Inactive Customers
C0234,108884.939,5,21776.9878,5,417,108884.939,Inactive Customers
C0235,133007.6715,6,22167.94525,6,246,133007.6715,At-Risk Customers
C0236,95739.7095,5,19147.941899999998,5,4,95739.7095,High-Value Customers
C0237,144788.035,3,48262.67833333334,3,88,144788.035,High-Value Customers
C0238,82082.573,5,16416.514600000002,5,43,82082.573,High-Value Customers
C0239,139692.09399999998,6,23282.015666666663,6,41,139692.09399999998,High-Value Customers
C0240,166244.589,5,33248.9178,5,208,166244.589,At-Risk Customers
C0241,113022.0025,5,22604.4005,5,120,113022.0025,High-Value Customers
C0242,96522.351,4,24130.58775,4,91,96522.351,High-Value Customers
C0244,42057.371,2,21028.6855,2,56,42057.371,Regular Customers
C0245,145956.559,5,29191.311800000003,5,119,145956.559,High-Value Customers
C0246,126011.667,3,42003.889,3,424,126011.66700000002,Inactive Customers
C0247,93941.81999999999,5,18788.363999999998,5,124,93941.81999999999,High-Value Customers
C0248,194624.327,6,32437.38783333333,6,11,194624.327,VIP Customers
C0249,160204.7295,7,22886.389928571425,7,105,160204.7295,VIP Customers
C0250,72652.188,2,36326.094,2,385,72652.188,Inactive Customers
C0251,116317.9975,4,29079.499375,4,301,116317.9975,At-Risk Customers
C0252,81696.614,4,20424.1535,4,190,81696.614,At-Risk Customers
C0253,287835.6575,9,31981.73972222222,9,234,287835.6575,At-Risk Customers
C0254,141928.891,5,28385.7782,5,36,141928.891,High-Value Customers
C0255,89221.695,4,22305.42375,4,26,89221.695,High-Value Customers
C0256,17528.7755,1,17528.7755,1,412,17528.7755,Inactive Customers
C0257,198776.377,7,28396.625285714286,7,52,198776.377,VIP Customers
C0258,198639.711,4,49659.92775,4,60,198639.711,High-Value Customers
C0259,28223.28,1,28223.28,1,594,28223.28,Inactive Customers
C0260,167224.2865,6,27870.714416666666,6,117,167224.2865,VIP Customers
C0261,113311.7405,6,18885.290083333333,6,223,113311.7405,At-Risk Customers
C0262,143538.57200000001,7,20505.51028571429,7,161,143538.57200000001,High-Value Customers
C0263,91704.7525,3,30568.250833333335,3,146,91704.7525,High-Value Customers
C0264,236828.572,9,26314.285777777775,9,6,236828.572,VIP Customers
C0265,88122.4415,3,29374.147166666666,3,24,88122.4415,High-Value Customers
C0266,175240.249,7,25034.321285714286,7,189,175240.249,At-Risk Customers
C0267,172137.856,7,24591.122285714286,7,17,172137.856,VIP Customers
C0268,70273.3915,2,35136.69575,2,272,70273.3915,At-Risk Customers
C0269,180567.661,5,36113.5322,5,251,180567.66100000002,At-Risk Customers
C0270,63763.672999999995,5,12752.7346,5,6,63763.672999999995,Regular Customers
C0271,105639.099,5,21127.8198,5,72,105639.099,High-Value Customers
C0272,145179.823,5,29035.9646,5,121,145179.823,High-Value Customers
C0273,126728.735,4,31682.18375,4,120,126728.735,High-Value Customers
C0274,55798.439,4,13949.60975,4,172,55798.439,Regular Customers
C0275,61285.71,2,30642.855,2,183,61285.71,At-Risk Customers
C0276,93579.185,4,23394.79625,4,68,93579.185,High-Value Customers
C0277,66287.424,3,22095.808,3,264,66287.424,At-Risk Customers
C0278,66166.893,3,22055.630999999998,3,229,66166.893,At-Risk Customers
C0279,82851.866,3,27617.288666666664,3,199,82851.866,At-Risk Customers
C0280,101424.979,3,33808.32633333334,3,98,101424.97900000002,High-Value Customers
C0281,95848.97350000001,3,31949.657833333335,3,75,95848.97350000001,High-Value Customers
C0282,262007.1875,8,32750.8984375,8,26,262007.1875,VIP Customers
C0283,75523.049,5,15104.6098,5,109,75523.049,High-Value Customers
C0284,104217.598,5,20843.5196,5,98,104217.598,High-Value Customers
C0285,135320.6975,5,27064.1395,5,15,135320.6975,High-Value Customers
C0286,93990.38,4,23497.595,4,5,93990.38,High-Value Customers
C0287,21714.473,1,21714.473,1,46,21714.473,Low-Value Customers
C0288,102973.924,3,34324.64133333333,3,23,102973.924,High-Value Customers
C0289,40616.914,2,20308.457,2,19,40616.914,Regular Customers
C0290,164185.03,6,27364.171666666665,6,36,164185.03,VIP Customers
C0291,214596.50400000002,7,30656.64342857143,7,103,214596.50400000002,VIP Customers
C0292,66677.281,3,22225.760333333335,3,39,66677.281,Regular Customers
C0293,93707.5385,3,31235.846166666666,3,80,93707.5385,High-Value Customers
C0294,96175.932,4,24043.983,4,159,96175.932,High-Value Customers
C0295,105053.5095,5,21010.7019,5,109,105053.5095,High-Value Customers
C0296,54795.957500000004,2,27397.978750000002,2,68,54795.957500000004,Regular Customers
C0297,106282.64,4,26570.66,4,34,106282.64,High-Value Customers
C0298,7327.663,1,7327.663,1,204,7327.663,At-Risk Customers
C0299,116415.90299999999,5,23283.1806,5,80,116415.90299999999,High-Value Customers
C0300,131583.3905,5,26316.6781,5,178,131583.3905,High-Value Customers
C0301,106878.5615,4,26719.640375,4,135,106878.5615,High-Value Customers
C0302,43783.7635,3,14594.587833333333,3,514,43783.7635,Inactive Customers
C0303,86383.545,3,28794.515,3,15,86383.545,High-Value Customers
C0304,165785.248,6,27630.874666666667,6,43,165785.248,VIP Customers
C0305,81419.1905,4,20354.797625,4,270,81419.1905,At-Risk Customers
C0306,163186.098,6,27197.683,6,15,163186.098,VIP Customers
C0307,153879.5725,6,25646.595416666667,6,219,153879.5725,At-Risk Customers
C0308,152605.346,6,25434.22433333333,6,123,152605.346,VIP Customers
C0309,118839.575,6,19806.595833333333,6,49,118839.575,High-Value Customers
C0310,238032.2085,6,39672.03475,6,77,238032.2085,VIP Customers
C0311,108739.4325,4,27184.858125,4,53,108739.4325,High-Value Customers
C0312,23000.076,2,11500.038,2,41,23000.076,Low-Value Customers
C0313,50774.551,2,25387.2755,2,146,50774.551,Regular Customers
C0314,209485.406,6,34914.234333333334,6,14,209485.40600000002,VIP Customers
C0315,107146.277,5,21429.255400000002,5,65,107146.277,High-Value Customers
C0316,64491.0065,3,21497.00216666667,3,360,64491.0065,At-Risk Customers
C0317,128473.5595,5,25694.711900000002,5,2,128473.5595,High-Value Customers
C0318,50308.515,2,25154.2575,2,250,50308.515,At-Risk Customers
C0319,72441.4705,5,14488.2941,5,32,72441.4705,Regular Customers
C0320,119084.2615,7,17012.037357142857,7,49,119084.2615,High-Value Customers
C0321,72498.782,2,36249.391,2,122,72498.782,Regular Customers
C0322,100229.6605,4,25057.415125,4,270,100229.6605,At-Risk Customers
C0323,93664.00749999999,3,31221.33583333333,3,127,93664.00749999999,High-Value Customers
C0324,22256.8635,1,22256.8635,1,175,22256.8635,Low-Value Customers
C0325,60624.6195,2,30312.30975,2,27,60624.6195,Regular Customers
C0326,165311.45,6,27551.908333333336,6,145,165311.45,VIP Customers
C0327,172107.208,5,34421.441600000006,5,121,172107.20800000004,VIP Customers
C0328,99210.3345,4,24802.583625,4,209,99210.3345,At-Risk Customers
C0329,117343.4245,3,39114.474833333334,3,17,117343.4245,High-Value Customers
C0330,123198.339,5,24639.667800000003,5,31,123198.339,High-Value Customers
C0331,60579.683,2,30289.8415,2,87,60579.683,Regular Customers
C0332,64587.9635,3,21529.321166666665,3,29,64587.9635,Regular Customers
C0333,66994.682,2,33497.341,2,183,66994.682,At-Risk Customers
C0334,35372.064,2,17686.032,2,548,35372.064,Inactive Customers
C0335,219700.2535,6,36616.70891666666,6,4,219700.2535,VIP Customers
C0336,104714.598,3,34904.866,3,120,104714.598,High-Value Customers
C0337,74783.545,4,18695.88625,4,174,74783.545,Regular Customers
C0338,142590.8425,4,35647.710625,4,51,142590.8425,High-Value Customers
C0339,102383.462,3,34127.82066666667,3,93,102383.462,High-Value Customers
C0340,106514.3275,3,35504.77583333333,3,171,106514.3275,High-Value Customers
C0341,92011.31049999999,4,23002.827624999998,4,286,92011.31049999999,At-Risk Customers
C0342,48337.046,3,16112.348666666667,3,16,48337.046,Regular Customers
C0343,34674.956000000006,2,17337.478000000003,2,114,34674.956000000006,Regular Customers
C0344,55456.099,3,18485.366333333335,3,35,55456.099,Regular Customers
C0345,101167.83099999999,4,25291.957749999998,4,236,101167.83099999999,At-Risk Customers
C0346,80134.1945,5,16026.838899999999,5,67,80134.1945,High-Value Customers
C0347,98111.325,3,32703.774999999998,3,1,98111.325,High-Value Customers
C0348,28632.7885,2,14316.39425,2,83,28632.7885,Low-Value Customers
C0349,15763.5955,1,15763.5955,1,104,15763.5955,Low-Value Customers
C0350,73680.93849999999,2,36840.469249999995,2,120,73680.93849999999,Regular Customers
C0351,26710.352,1,26710.352,1,465,26710.352,Inactive Customers
C0352,31951.271,2,15975.6355,2,52,31951.271,Regular Customers
C0353,225083.438,8,28135.42975,8,138,225083.438,VIP Customers
C0354,137148.6545,5,27429.730900000002,5,101,137148.6545,High-Value Customers
C0355,171032.826,5,34206.5652,5,183,171032.826,At-Risk Customers
C0356,197162.696,8,24645.337,8,8,197162.696,VIP Customers
C0357,150176.698,4,37544.1745,4,413,150176.698,Inactive Customers
C0358,49281.193,4,12320.29825,4,112,49281.193,Regular Customers
C0359,73777.032,2,36888.516,2,88,73777.032,Regular Customers
C0360,90281.72,4,22570.43,4,133,90281.72,High-Value Customers
C0361,146132.9235,6,24355.487250000002,6,44,146132.9235,High-Value Customers
C0362,131316.8015,5,26263.3603,5,5,131316.8015,High-Value Customers
C0363,144890.3035,4,36222.575875,4,135,144890.3035,High-Value Customers
C0364,47790.188,2,23895.094,2,252,47790.188,At-Risk Customers
C0365,215939.147,8,26992.393375,8,98,215939.147,VIP Customers
C0366,102192.6085,4,25548.152125,4,122,102192.6085,High-Value Customers
C0367,113863.61,6,18977.268333333333,6,112,113863.61,High-Value Customers
C0368,60058.613,3,20019.537666666667,3,28,60058.613,Regular Customers
C0369,148868.971,7,21266.995857142854,7,7,148868.971,High-Value Customers
C0370,100603.0915,5,20120.6183,5,31,100603.0915,High-Value Customers
C0371,114855.98049999999,4,28713.995124999998,4,177,114855.98049999999,High-Value Customers
C0372,68673.442,3,22891.14733333333,3,283,68673.442,At-Risk Customers
C0373,45633.633,3,15211.211000000001,3,394,45633.633,Inactive Customers
C0374,187610.681,7,26801.52585714286,7,83,187610.681,VIP Customers
C0375,103082.3125,5,20616.4625,5,220,103082.3125,At-Risk Customers
C0376,204647.048,8,25580.881,8,102,204647.048,VIP Customers
C0377,91939.62,3,30646.539999999997,3,261,91939.62,At-Risk Customers
C0378,227056.8745,6,37842.81241666667,6,59,227056.8745,VIP Customers
C0379,72922.727,5,14584.545399999999,5,52,72922.727,Regular Customers
C0380,159411.268,6,26568.54466666667,6,49,159411.268,VIP Customers
C0381,89015.562,4,22253.8905,4,41,89015.562,High-Value Customers
C0382,138808.977,7,19829.853857142858,7,44,138808.977,High-Value Customers
C0383,185650.5835,8,23206.3229375,8,33,185650.5835,VIP Customers
C0384,38978.256,4,9744.564,4,49,38978.256,Regular Customers
C0385,45019.059,3,15006.353000000001,3,198,45019.059,At-Risk Customers
C0386,216869.071,11,19715.37009090909,11,73,216869.071,VIP Customers
C0387,46346.258,2,23173.129,2,434,46346.258,Inactive Customers
C0388,118618.3055,5,23723.6611,5,104,118618.3055,High-Value Customers
C0389,57162.985,1,57162.985,1,453,57162.985,Inactive Customers
C0390,69285.073,4,17321.26825,4,103,69285.073,Regular Customers
C0391,70089.059,5,14017.8118,5,17,70089.059,Regular Customers
C0392,60438.652500000004,3,20146.217500000002,3,145,60438.65250000001,Regular Customers
C0393,72147.094,2,36073.547,2,203,72147.094,At-Risk Customers
C0394,211572.7125,7,30224.673214285714,7,99,211572.7125,VIP Customers
C0395,60257.8865,2,30128.94325,2,34,60257.8865,Regular Customers
C0396,75545.2975,4,18886.324375,4,172,75545.2975,High-Value Customers
C0397,138390.981,4,34597.74525,4,315,138390.981,At-Risk Customers
C0398,114862.14649999999,5,22972.429299999996,5,99,114862.14649999997,High-Value Customers
C0399,81364.2245,4,20341.056125,4,37,81364.2245,High-Value Customers
C0400,273638.2545,8,34204.7818125,8,109,273638.2545,VIP Customers
C0401,219107.8025,7,31301.11464285714,7,104,219107.8025,VIP Customers
C0402,136940.0355,6,22823.33925,6,197,136940.0355,At-Risk Customers
C0403,44825.473,2,22412.7365,2,184,44825.473,At-Risk Customers
C0404,121676.86050000001,6,20279.47675,6,50,121676.86050000001,High-Value Customers
C0405,32775.632,3,10925.210666666666,3,140,32775.632,Regular Customers
C0406,158327.3235,5,31665.4647,5,278,158327.3235,At-Risk Customers
C0407,19384.996,1,19384.996,1,588,19384.996,Inactive Customers
C0408,84956.5235,4,21239.130875,4,20,84956.5235,High-Value Customers
C0410,78785.42199999999,4,19696.355499999998,4,225,78785.42199999999,At-Risk Customers
C0411,47937.799,2,23968.8995,2,172,47937.799,Regular Customers
C0412,79333.0035,4,19833.250875,4,64,79333.0035,High-Value Customers
C0413,111432.703,4,27858.17575,4,152,111432.703,High-Value Customers
C0414,155352.375,6,25892.0625,6,1,155352.375,VIP Customers
C0415,52047.911,3,17349.303666666667,3,46,52047.911,Regular Customers
C0416,3521.5,1,3521.5,1,326,3521.5,At-Risk Customers
C0417,122618.2395,7,17516.891357142857,7,165,122618.2395,High-Value Customers
C0418,171056.621,6,28509.436833333337,6,70,171056.621,VIP Customers
C0419,124902.30500000001,5,24980.461000000003,5,170,124902.30500000002,High-Value Customers
C0420,33694.8355,1,33694.8355,1,440,33694.8355,Inactive Customers
C0421,68485.947,2,34242.9735,2,23,68485.947,Regular Customers
C0422,154229.0755,6,25704.84591666667,6,28,154229.0755,VIP Customers
C0423,86207.878,3,28735.959333333332,3,412,86207.878,Inactive Customers
C0424,123438.482,4,30859.6205,4,110,123438.482,High-Value Customers
C0425,172690.40899999999,6,28781.734833333332,6,77,172690.40899999999,VIP Customers
C0426,234156.959,8,29269.619875,8,33,234156.959,VIP Customers
C0427,71381.136,3,23793.712,3,41,71381.136,Regular Customers
C0428,65615.7425,3,21871.914166666666,3,9,65615.7425,Regular Customers
C0429,100290.5695,5,20058.1139,5,119,100290.5695,High-Value Customers
C0430,159542.351,5,31908.4702,5,8,159542.351,VIP Customers
C0431,110875.835,6,18479.305833333336,6,304,110875.83500000002,At-Risk Customers
C0432,74235.064,4,18558.766,4,138,74235.064,Regular Customers
C0433,89965.993,4,22491.49825,4,62,89965.993,High-Value Customers
C0434,152139.059,6,25356.509833333334,6,5,152139.059,VIP Customers
C0435,114741.986,4,28685.4965,4,59,114741.986,High-Value Customers
C0436,110388.97649999999,4,27597.244124999997,4,117,110388.97649999999,High-Value Customers
C0437,101167.72,4,25291.93,4,106,101167.72,High-Value Customers
C0438,52925.091,2,26462.5455,2,228,52925.091,At-Risk Customers
C0439,27773.858,2,13886.929,2,394,27773.858,Inactive Customers
C0440,65994.39199999999,3,21998.130666666664,3,166,65994.39199999999,Regular Customers
C0441,121578.4085,5,24315.6817,5,43,121578.4085,High-Value Customers
C0442,69965.6265,4,17491.406625,4,350,69965.6265,At-Risk Customers
C0443,61347.002499999995,3,20449.00083333333,3,196,61347.002499999995,At-Risk Customers
C0445,105287.197,6,17547.866166666667,6,112,105287.197,High-Value Customers
C0446,21464.328,1,21464.328,1,527,21464.328,Inactive Customers
C0447,49687.2845,2,24843.64225,2,151,49687.2845,Regular Customers
C0448,33212.9455,3,11070.981833333333,3,61,33212.9455,Regular Customers
C0449,159878.242,4,39969.5605,4,47,159878.242,High-Value Customers
C0450,169825.3945,5,33965.0789,5,240,169825.3945,At-Risk Customers
C0451,81211.522,2,40605.761,2,214,81211.522,At-Risk Customers
C0452,206914.8145,6,34485.802416666666,6,110,206914.81449999998,VIP Customers
C0453,11618.874,2,5809.437,2,135,11618.874,Low-Value Customers
C0454,67275.697,3,22425.232333333333,3,157,67275.697,Regular Customers
C0455,102358.167,4,25589.54175,4,8,102358.167,High-Value Customers
C0456,77379.6465,4,19344.911625,4,39,77379.6465,High-Value Customers
C0457,94968.5375,5,18993.7075,5,18,94968.5375,High-Value Customers
C0458,45322.074,2,22661.037,2,49,45322.074,Regular Customers
C0459,70155.9285,4,17538.982125,4,1,70155.9285,Regular Customers
C0460,74477.316,2,37238.658,2,39,74477.316,Regular Customers
C0461,166963.2775,7,23851.896785714285,7,90,166963.2775,VIP Customers
C0462,143271.8405,5,28654.3681,5,15,143271.8405,High-Value Customers
C0463,83862.9545,4,20965.738625,4,14,83862.9545,High-Value Customers
C0464,228463.5045,9,25384.833833333334,9,0,228463.5045,VIP Customers
C0465,322358.152,12,26863.179333333333,12,5,322358.152,VIP Customers
C0466,139099.28149999998,5,27819.856299999996,5,61,139099.28149999998,High-Value Customers
C0467,165516.87,4,41379.2175,4,103,165516.87,High-Value Customers
C0468,93262.572,4,23315.643,4,24,93262.572,High-Value Customers
C0469,178776.675,7,25539.524999999998,7,213,178776.675,At-Risk Customers
C0470,192252.6495,6,32042.10825,6,117,192252.6495,VIP Customers
C0471,64100.6245,3,21366.87483333333,3,326,64100.62449999999,At-Risk Customers
C0472,112294.6095,4,28073.652375,4,71,112294.6095,High-Value Customers
C0473,173690.177,6,28948.362833333333,6,10,173690.177,VIP Customers
C0474,107225.3745,4,26806.343625,4,82,107225.3745,High-Value Customers
C0475,105477.603,5,21095.5206,5,30,105477.603,High-Value Customers
C0476,10402.448,1,10402.448,1,68,10402.448,Low-Value Customers
C0477,70394.7375,5,14078.9475,5,24,70394.7375,Regular Customers
C0478,28339.837,1,28339.837,1,317,28339.837,At-Risk Customers
C0479,26371.2355,2,13185.61775,2,84,26371.2355,Low-Value Customers
C0480,128389.7515,5,25677.9503,5,76,128389.7515,High-Value Customers
C0481,145592.65099999998,7,20798.950142857142,7,176,145592.65099999998,High-Value Customers
C0482,92752.5265,4,23188.131625,4,69,92752.5265,High-Value Customers
C0483,125499.968,5,25099.993599999998,5,36,125499.968,High-Value Customers
C0484,59194.422,3,19731.474,3,204,59194.42199999999,At-Risk Customers
C0485,198080.6725,8,24760.0840625,8,21,198080.6725,VIP Customers
C0486,216598.7535,9,24066.528166666667,9,132,216598.7535,VIP Customers
C0487,125185.8945,4,31296.473625,4,279,125185.8945,At-Risk Customers
C0488,155983.047,5,31196.609399999998,5,251,155983.047,At-Risk Customers
C0489,87166.77799999999,3,29055.592666666664,3,80,87166.77799999999,High-Value Customers
C0490,220214.4785,7,31459.211214285715,7,38,220214.4785,VIP Customers
C0491,81211.333,4,20302.83325,4,11,81211.333,High-Value Customers
C0492,127834.111,3,42611.37033333333,3,315,127834.111,At-Risk Customers
C0493,182104.7835,8,22763.0979375,8,42,182104.7835,VIP Customers
C0494,175114.8415,8,21889.3551875,8,144,175114.8415,VIP Customers
C0495,113468.6585,5,22693.7317,5,90,113468.6585,High-Value Customers
C0496,101869.9485,4,25467.487125,4,83,101869.9485,High-Value Customers
C0497,95801.7735,5,19160.3547,5,18,95801.7735,High-Value Customers
C0498,183895.4075,6,30649.234583333335,6,85,183895.4075,VIP Customers
C0499,83652.3395,3,27884.113166666666,3,235,83652.3395,At-Risk Customers
C0500,139975.6145,5,27995.1229,5,40,139975.6145,High-Value Customers
