order_id,customer_id,order_date,order_status
O00001,C0326,2025-07-17 00:00:00,Delivered
O00002,C0431,2025-04-14 00:00:00,Delivered
O00003,C0091,2026-03-01 00:00:00,Cancelled
O00004,C0161,invalid_date,Delivered
O00005,C0172,2025-11-11 00:00:00,Delivered
O00006,C0181,2026-03-19 00:00:00,Delivered
O00007,C0123,2026-07-31 00:00:00,Pending
O00008,C0028,2025-06-25 00:00:00,Delivered
O00009,C0263,2025-01-05 00:00:00,Delivered
O00010,C0179,2026-03-17 00:00:00,Pending
O00011,C0172,2025-01-01 00:00:00,Delivered
O00012,C0133,2025-02-10 00:00:00,Delivered
O00013,C0465,2026-08-26 00:00:00,Delivered
O00014,C0306,2026-06-09 00:00:00,Cancelled
O00015,C0210,2026-03-07 00:00:00,Cancelled
O00016,C0103,2026-05-24 00:00:00,Cancelled
O00017,C0401,2025-02-15 00:00:00,Delivered
O00018,C0445,2025-02-24 00:00:00,Delivered
O00019,C0017,2025-07-02 00:00:00,Pending
O00020,C0465,2025-01-15 00:00:00,Pending
O00021,C9999,2026-06-25 00:00:00,Delivered
O00022,C0050,2025-02-04 00:00:00,Cancelled
O00023,C0377,2025-11-27 00:00:00,Pending
O00024,C0054,2026-06-04 00:00:00,Delivered
O00025,C0026,2026-03-23 00:00:00,Cancelled
O00026,C0058,2025-05-23 00:00:00,Delivered
O00027,C0230,2025-10-13 00:00:00,Delivered
O00028,C0310,2025-11-30 00:00:00,Delivered
O00029,C0204,2026-04-12 00:00:00,Delivered
O00030,C0061,2025-09-17 00:00:00,Pending
O00031,C0100,2025-06-23 00:00:00,Cancelled
O00032,C0427,2026-04-29 00:00:00,Cancelled
O00033,C0482,2026-06-23 00:00:00,Delivered
O00034,C0378,2025-10-25 00:00:00,Pending
O00035,C0052,2025-01-18 00:00:00,Delivered
O00036,C0410,2025-11-01 00:00:00,Pending
O00037,C0346,2026-06-25 00:00:00,Delivered
O00038,C0264,2026-08-25 00:00:00,Delivered
O00039,C0072,2025-09-01 00:00:00,Delivered
O00040,C0499,2025-04-02 00:00:00,Cancelled
O00041,C0222,2025-12-14 00:00:00,Delivered
O00042,C0023,2026-05-21 00:00:00,Delivered
O00043,C0105,2026-07-29 00:00:00,Delivered
O00044,C0201,2025-02-01 00:00:00,Cancelled
O00045,C0032,2025-06-26 00:00:00,Delivered
O00046,C0162,2025-10-18 00:00:00,Delivered
O00047,C0235,2025-03-01 00:00:00,Delivered
O00048,C0475,2026-06-23 00:00:00,Delivered
O00049,C0044,2025-03-10 00:00:00,Cancelled
O00050,C0289,2026-02-09 00:00:00,Cancelled
O00051,C0458,2026-07-13 00:00:00,Delivered
O00052,C0404,2026-02-21 00:00:00,Cancelled
O00053,C0463,2026-04-10 00:00:00,Delivered
O00054,C0086,2025-06-10 00:00:00,Cancelled
O00055,C0401,2026-05-19 00:00:00,Delivered
O00056,C0490,2025-09-12 00:00:00,Delivered
O00057,C0164,2025-02-07 00:00:00,Delivered
O00058,C0250,2025-08-11 00:00:00,Delivered
O00059,C0266,2025-08-01 00:00:00,Cancelled
O00060,C0247,2025-11-14 00:00:00,Pending
O00061,C0145,2025-06-11 00:00:00,Pending
O00062,C0486,2025-10-09 00:00:00,Delivered
O00063,C0479,2025-09-18 00:00:00,Delivered
O00064,C0191,2025-07-18 00:00:00,Delivered
O00065,C0403,2026-02-28 00:00:00,Cancelled
O00066,C0199,2025-07-05 00:00:00,Delivered
O00067,C0398,2026-04-11 00:00:00,Delivered
O00068,C0293,2025-06-02 00:00:00,Delivered
O00069,C0236,2026-06-10 00:00:00,Delivered
O00070,C0065,2025-08-10 00:00:00,Delivered
O00071,C0328,2025-01-25 00:00:00,Cancelled
O00072,C0161,2025-04-02 00:00:00,Delivered
O00073,C0109,2026-05-06 00:00:00,Pending
O00074,C0097,2026-06-15 00:00:00,Pending
O00075,C0491,2025-05-09 00:00:00,Delivered
O00076,C0052,2026-01-02 00:00:00,Pending
O00077,C0400,2025-12-16 00:00:00,Delivered
O00078,C0434,2025-03-23 00:00:00,Pending
O00079,C0016,2025-10-02 00:00:00,Delivered
O00080,C0295,2026-02-26 00:00:00,Delivered
O00081,C0289,2026-08-12 00:00:00,Delivered
O00082,C0180,2026-05-31 00:00:00,Delivered
O00083,C0334,2025-03-01 00:00:00,Delivered
O00084,C0205,2025-05-25 00:00:00,Cancelled
O00085,C0220,2025-09-23 00:00:00,Delivered
O00086,C0216,2025-04-02 00:00:00,Pending
O00087,C0401,2025-12-13 00:00:00,Pending
O00088,C0317,2025-01-06 00:00:00,Delivered
O00089,C0190,2025-03-11 00:00:00,Delivered
O00090,C0464,2025-01-29 00:00:00,Cancelled
O00091,C0402,2025-06-29 00:00:00,Delivered
O00092,C0467,2026-04-09 00:00:00,Cancelled
O00093,C0366,2025-04-18 00:00:00,Delivered
O00094,C0196,2026-08-24 00:00:00,Cancelled
O00095,C0387,2025-06-13 00:00:00,Delivered
O00096,C0165,2025-01-28 00:00:00,Cancelled
O00097,C0136,2025-07-23 00:00:00,Cancelled
O00098,C0226,2026-03-31 00:00:00,Delivered
O00099,C0485,2025-03-06 00:00:00,Cancelled
O00100,C0284,2025-02-13 00:00:00,Delivered
O00101,C0192,2026-06-01 00:00:00,Delivered
O00102,C0231,2025-12-27 00:00:00,Delivered
O00103,C0146,2025-07-28 00:00:00,Pending
O00104,C0330,2026-04-05 00:00:00,Delivered
O00105,C0176,2026-05-29 00:00:00,Pending
O00106,C0278,2025-08-07 00:00:00,Pending
O00107,C0185,2025-12-08 00:00:00,Delivered
O00108,C0161,2025-01-07 00:00:00,Cancelled
O00109,C0486,2025-07-06 00:00:00,Delivered
O00110,C0173,2025-12-28 00:00:00,Delivered
O00111,C0036,2025-04-30 00:00:00,Delivered
O00112,C0190,2026-08-26 00:00:00,Pending
O00113,C0267,2026-08-14 00:00:00,Delivered
O00114,C0048,2025-06-06 00:00:00,Cancelled
O00115,C0153,2025-08-29 00:00:00,Cancelled
O00116,C0084,2025-04-26 00:00:00,Cancelled
O00117,C0251,2025-11-03 00:00:00,Delivered
O00118,C0362,2025-03-17 00:00:00,Delivered
O00119,C0485,2025-08-26 00:00:00,Delivered
O00120,C0195,2025-12-04 00:00:00,Pending
O00121,C0432,2026-01-08 00:00:00,Pending
O00122,C0108,2025-12-29 00:00:00,Delivered
O00123,C0391,2025-05-15 00:00:00,Pending
O00124,C0282,2026-04-27 00:00:00,Delivered
O00125,C0380,2026-02-25 00:00:00,Delivered
O00126,C0378,2026-04-03 00:00:00,Delivered
O00127,C0267,2025-10-12 00:00:00,Cancelled
O00128,C0129,2026-06-27 00:00:00,Cancelled
O00129,C0264,2025-08-26 00:00:00,Pending
O00130,C0414,2026-05-05 00:00:00,Cancelled
O00131,C0486,2025-05-04 00:00:00,Delivered
O00132,C0464,2025-05-31 00:00:00,Delivered
O00133,C0091,2025-11-17 00:00:00,Cancelled
O00134,C0299,2025-12-04 00:00:00,Delivered
O00135,C0053,2026-03-30 00:00:00,Delivered
O00136,C0335,2025-06-30 00:00:00,Pending
O00137,C0497,2026-06-15 00:00:00,Cancelled
O00138,C0027,2025-07-20 00:00:00,Cancelled
O00139,C0329,2025-11-21 00:00:00,Delivered
O00140,C0473,2026-07-21 00:00:00,Delivered
O00141,C0424,2025-11-24 00:00:00,Delivered
O00142,C0197,2026-02-19 00:00:00,Pending
O00143,C0052,2026-07-07 00:00:00,Cancelled
O00144,C0462,2026-08-16 00:00:00,Cancelled
O00145,C0461,2025-10-31 00:00:00,Delivered
O00146,C0290,2025-09-11 00:00:00,Pending
O00147,C0490,2025-04-30 00:00:00,Delivered
O00148,C0003,2025-11-23 00:00:00,Pending
O00149,C0309,2026-07-13 00:00:00,Delivered
O00150,C0020,2025-10-24 00:00:00,Pending
O00151,C0468,2025-07-31 00:00:00,Pending
O00152,C0341,2025-03-07 00:00:00,Cancelled
O00153,C0457,2025-08-25 00:00:00,Pending
O00154,C0282,2025-05-24 00:00:00,Cancelled
O00155,C0042,2026-08-17 00:00:00,Pending
O00156,C0014,2025-11-17 00:00:00,Delivered
O00157,C0168,2025-03-25 00:00:00,Delivered
O00158,C0372,2025-02-10 00:00:00,Delivered
O00159,C0076,2026-06-02 00:00:00,Pending
O00160,C0427,2026-07-21 00:00:00,Cancelled
O00161,C0120,2026-04-09 00:00:00,Delivered
O00162,C0249,2025-03-17 00:00:00,Delivered
O00163,C0102,2025-03-01 00:00:00,Cancelled
O00164,C0233,2025-05-01 00:00:00,Pending
O00165,C0227,2026-04-02 00:00:00,Pending
O00166,C0003,2026-04-11 00:00:00,Delivered
O00167,C0284,2026-05-25 00:00:00,Delivered
O00168,C0394,2025-02-28 00:00:00,Delivered
O00169,C0469,2025-04-04 00:00:00,Cancelled
O00170,C0166,2026-07-02 00:00:00,Delivered
O00171,C0441,2026-07-19 00:00:00,Pending
O00172,C0440,2026-03-18 00:00:00,Delivered
O00173,C0495,2025-03-06 00:00:00,Cancelled
O00174,C0187,2025-02-11 00:00:00,Delivered
O00175,C0426,2025-02-03 00:00:00,Pending
O00176,C0283,2026-02-25 00:00:00,Delivered
O00177,C0030,2026-05-30 00:00:00,Delivered
O00178,C0136,2026-01-20 00:00:00,Pending
O00179,C0337,2025-06-09 00:00:00,Pending
O00180,C0081,2026-04-06 00:00:00,Delivered
O00181,C0218,2025-02-05 00:00:00,Delivered
O00182,C0388,2026-05-19 00:00:00,Delivered
O00183,C0075,2026-06-27 00:00:00,Pending
O00184,C0249,2026-03-13 00:00:00,Delivered
O00185,C0108,2026-06-19 00:00:00,Delivered
O00186,C0269,2025-12-23 00:00:00,Delivered
O00187,C0121,2025-10-12 00:00:00,Delivered
O00188,C0483,2025-07-16 00:00:00,Delivered
O00189,C0039,2026-07-15 00:00:00,Cancelled
O00190,C0482,2026-02-28 00:00:00,Cancelled
O00191,C0396,2025-04-26 00:00:00,Delivered
O00192,C0428,2026-08-05 00:00:00,Cancelled
O00193,C0426,2025-02-05 00:00:00,Cancelled
O00194,C0094,2025-12-24 00:00:00,Delivered
O00195,C0466,2025-04-26 00:00:00,Cancelled
O00196,C0298,2026-02-08 00:00:00,Delivered
O00197,C0482,2025-09-08 00:00:00,Pending
O00198,C0440,2025-09-23 00:00:00,Delivered
O00199,C0290,2026-02-13 00:00:00,Delivered
O00200,C0188,2026-04-05 00:00:00,Delivered
O00201,C0059,2025-08-20 00:00:00,Delivered
O00202,C0051,2026-08-30 00:00:00,Pending
O00203,C0195,2025-10-31 00:00:00,Cancelled
O00204,C0406,2025-04-08 00:00:00,Delivered
O00205,C0253,2025-01-04 00:00:00,Delivered
O00206,C0241,2025-05-04 00:00:00,Pending
O00207,C0123,2026-02-25 00:00:00,Delivered
O00208,C0283,2025-11-24 00:00:00,Delivered
O00209,C0320,2025-07-25 00:00:00,Delivered
O00210,C0492,2025-10-20 00:00:00,Delivered
O00211,C0365,2026-05-25 00:00:00,Cancelled
O00212,C0304,2025-12-14 00:00:00,Delivered
O00213,C0456,2025-02-05 00:00:00,Delivered
O00214,C0213,2025-01-30 00:00:00,Delivered
O00215,C0468,2025-10-21 00:00:00,Pending
O00216,C0185,2025-09-03 00:00:00,Pending
O00217,C0064,2026-06-02 00:00:00,Delivered
O00218,C0209,2025-12-21 00:00:00,Delivered
O00219,C0065,2026-04-06 00:00:00,Delivered
O00220,C0060,2025-12-22 00:00:00,Pending
O00221,C0441,2025-07-29 00:00:00,Delivered
O00222,C0398,2026-02-04 00:00:00,Pending
O00223,C0111,2026-01-13 00:00:00,Cancelled
O00224,C0419,2026-03-14 00:00:00,Delivered
O00225,C0035,2025-04-26 00:00:00,Delivered
O00226,C0143,2026-01-26 00:00:00,Delivered
O00227,C0354,2025-06-23 00:00:00,Delivered
O00228,C0152,2026-04-26 00:00:00,Delivered
O00229,C0366,2026-05-01 00:00:00,Delivered
O00230,C0438,2026-01-15 00:00:00,Delivered
O00231,C0034,2026-07-30 00:00:00,Delivered
O00232,C0012,2025-11-23 00:00:00,Cancelled
O00233,C0471,2025-01-16 00:00:00,Pending
O00234,C0261,2026-01-04 00:00:00,Delivered
O00235,C0254,2026-04-18 00:00:00,Delivered
O00236,C0232,2025-03-03 00:00:00,Pending
O00237,C0217,2025-03-05 00:00:00,Delivered
O00238,C0346,2025-06-16 00:00:00,Cancelled
O00239,C0290,2026-05-29 00:00:00,Delivered
O00240,C0082,2025-11-17 00:00:00,Delivered
O00241,C0314,2026-08-17 00:00:00,Delivered
O00242,C0335,2026-06-15 00:00:00,Cancelled
O00243,C0057,2025-12-04 00:00:00,Cancelled
O00244,C0189,2026-02-17 00:00:00,Delivered
O00245,C0396,2025-07-21 00:00:00,Delivered
O00246,C0310,2025-02-24 00:00:00,Pending
O00247,C0069,2025-08-31 00:00:00,Pending
O00248,C0021,2025-12-27 00:00:00,Delivered
O00249,C0291,2025-04-21 00:00:00,Delivered
O00250,C0231,2025-05-15 00:00:00,Pending
O00251,C0481,2025-01-10 00:00:00,Delivered
O00252,C0262,2026-03-23 00:00:00,Pending
O00253,C0466,2026-07-01 00:00:00,Cancelled
O00254,C0108,2026-05-19 00:00:00,Pending
O00255,C0224,2025-08-20 00:00:00,Delivered
O00256,C0070,2025-12-27 00:00:00,Delivered
O00257,C0288,2026-08-08 00:00:00,Delivered
O00258,C0095,2025-12-26 00:00:00,Pending
O00259,C0247,2025-06-29 00:00:00,Delivered
O00260,C0173,2025-07-25 00:00:00,Delivered
O00261,C0093,2026-03-19 00:00:00,Delivered
O00262,C0049,2025-09-29 00:00:00,Cancelled
O00263,C0257,2026-05-25 00:00:00,Pending
O00264,C0474,2026-06-10 00:00:00,Delivered
O00265,C0100,2025-01-22 00:00:00,Delivered
O00266,C0203,2026-03-16 00:00:00,Delivered
O00267,C0113,2025-08-13 00:00:00,Pending
O00268,C0405,2025-11-13 00:00:00,Delivered
O00269,C0208,2025-06-10 00:00:00,Delivered
O00270,C0488,2025-08-12 00:00:00,Delivered
O00271,C0123,2025-07-20 00:00:00,Delivered
O00272,C0041,2025-01-31 00:00:00,Delivered
O00273,C0292,2026-04-21 00:00:00,Delivered
O00274,C0326,2025-03-28 00:00:00,Pending
O00275,C0496,2025-08-17 00:00:00,Delivered
O00276,C0436,2025-04-28 00:00:00,Delivered
O00277,C0443,2025-04-08 00:00:00,Cancelled
O00278,C0318,2025-08-16 00:00:00,Cancelled
O00279,C0180,2026-07-13 00:00:00,Delivered
O00280,C0215,2026-07-29 00:00:00,Delivered
O00281,C0067,2025-08-21 00:00:00,Delivered
O00282,C0216,2025-11-04 00:00:00,Cancelled
O00283,C0183,2026-08-23 00:00:00,Cancelled
O00284,C0018,2025-05-23 00:00:00,Cancelled
O00285,C0103,2026-07-29 00:00:00,Cancelled
O00286,C0268,2025-03-06 00:00:00,Delivered
O00287,C0185,2025-05-18 00:00:00,Delivered
O00288,C0497,2025-07-25 00:00:00,Cancelled
O00289,C0240,2025-01-23 00:00:00,Delivered
O00290,C0480,2026-05-11 00:00:00,Pending
O00291,C0331,2026-06-05 00:00:00,Pending
O00292,C0021,2025-08-22 00:00:00,Pending
O00293,C0102,2026-05-24 00:00:00,Pending
O00294,C0353,2026-04-15 00:00:00,Delivered
O00295,C0273,2026-05-03 00:00:00,Delivered
O00296,C0151,2026-05-04 00:00:00,Delivered
O00297,C0262,2025-12-15 00:00:00,Cancelled
O00298,C0452,2025-03-09 00:00:00,Cancelled
O00299,C0195,2026-07-16 00:00:00,Delivered
O00300,C0023,2026-01-06 00:00:00,Delivered
O00301,C0156,2026-07-02 00:00:00,Delivered
O00302,C0468,2026-08-07 00:00:00,Pending
O00303,C0381,2025-04-24 00:00:00,Delivered
O00304,C0419,2025-09-02 00:00:00,Delivered
O00305,C0456,2025-04-28 00:00:00,Delivered
O00306,C0059,2025-01-31 00:00:00,Pending
O00307,C0142,2026-08-11 00:00:00,Delivered
O00308,C0030,2026-07-16 00:00:00,Delivered
O00309,C0003,2026-07-21 00:00:00,Delivered
O00310,C0418,2026-06-22 00:00:00,Delivered
O00311,C0469,2026-01-30 00:00:00,Delivered
O00312,C0078,2025-11-14 00:00:00,Pending
O00313,C0362,2026-08-26 00:00:00,Delivered
O00314,C0268,2025-12-02 00:00:00,Pending
O00315,C0035,2026-01-26 00:00:00,Cancelled
O00316,C0458,2025-05-09 00:00:00,Pending
O00317,C0436,2026-03-30 00:00:00,Delivered
O00318,C0284,2026-05-14 00:00:00,Pending
O00319,C0354,2026-02-17 00:00:00,Delivered
O00320,C0199,2025-10-31 00:00:00,Delivered
O00321,C0397,2025-05-01 00:00:00,Cancelled
O00322,C0223,2025-01-21 00:00:00,Delivered
O00323,C0495,2026-01-17 00:00:00,Delivered
O00324,C0032,2026-02-20 00:00:00,Delivered
O00325,C0087,2026-04-15 00:00:00,Delivered
O00326,C0485,2026-08-01 00:00:00,Delivered
O00327,C0145,2025-10-30 00:00:00,Pending
O00328,C0156,2026-05-20 00:00:00,Delivered
O00329,C0396,2026-03-12 00:00:00,Delivered
O00330,C0095,2025-06-18 00:00:00,Pending
O00331,C0257,2026-05-29 00:00:00,Cancelled
O00332,C0144,2025-02-02 00:00:00,Delivered
O00333,C0099,2025-12-31 00:00:00,Delivered
O00334,C0483,2026-07-26 00:00:00,Delivered
O00335,C0100,2026-02-05 00:00:00,Delivered
O00336,C0048,2026-07-24 00:00:00,Delivered
O00337,C0337,2025-02-04 00:00:00,Cancelled
O00338,C0434,2025-11-20 00:00:00,Delivered
O00339,C0064,2026-04-20 00:00:00,Delivered
O00340,C0354,2026-01-26 00:00:00,Delivered
O00341,C0271,2026-06-20 00:00:00,Delivered
O00342,C0416,2025-10-09 00:00:00,Cancelled
O00343,C0064,2026-02-20 00:00:00,Delivered
O00344,C0488,2025-09-13 00:00:00,Delivered
O00345,C0310,2026-06-15 00:00:00,Delivered
O00346,C0422,2025-03-14 00:00:00,Cancelled
O00347,C0181,2025-06-04 00:00:00,Delivered
O00348,C0472,2025-02-28 00:00:00,Pending
O00349,C0314,2026-03-03 00:00:00,Pending
O00350,C0064,2025-05-22 00:00:00,Cancelled
O00351,C0462,2025-07-12 00:00:00,Delivered
O00352,C0398,2026-05-24 00:00:00,Cancelled
O00353,C0151,2025-08-07 00:00:00,Delivered
O00354,C0273,2025-03-30 00:00:00,Delivered
O00355,C0195,2025-01-13 00:00:00,Delivered
O00356,C0272,2025-05-18 00:00:00,Delivered
O00357,C0483,2026-07-11 00:00:00,Pending
O00358,C0450,2025-11-30 00:00:00,Delivered
O00359,C0108,2026-08-28 00:00:00,Delivered
O00360,C0486,2025-05-11 00:00:00,Pending
O00361,C0219,2025-08-02 00:00:00,Delivered
O00362,C0353,2025-04-10 00:00:00,Cancelled
O00363,C0383,2025-08-31 00:00:00,Delivered
O00364,C0242,2025-12-09 00:00:00,Delivered
O00365,C0229,2026-05-07 00:00:00,Cancelled
O00366,C0229,2025-08-12 00:00:00,Delivered
O00367,C0432,2026-04-15 00:00:00,Delivered
O00368,C0194,2026-01-16 00:00:00,Pending
O00369,C0140,2025-06-27 00:00:00,Delivered
O00370,C0181,2026-07-09 00:00:00,Cancelled
O00371,C0098,2025-09-22 00:00:00,Delivered
O00372,C0196,2025-04-02 00:00:00,Delivered
O00373,C0058,2026-08-09 00:00:00,Cancelled
O00374,C0045,2026-07-10 00:00:00,Pending
O00375,C0362,2025-01-31 00:00:00,Delivered
O00376,C0039,2026-07-03 00:00:00,Cancelled
O00377,C0285,2026-07-31 00:00:00,Pending
O00378,C0390,2026-05-20 00:00:00,Cancelled
O00379,C0363,2025-06-05 00:00:00,Delivered
O00380,C0224,2026-01-19 00:00:00,Delivered
O00381,C0097,2025-11-24 00:00:00,Delivered
O00382,C0466,2026-01-13 00:00:00,Delivered
O00383,C0418,2026-01-10 00:00:00,Cancelled
O00384,C0307,2026-01-24 00:00:00,Pending
O00385,C0044,2025-11-09 00:00:00,Delivered
O00386,C0018,2026-02-24 00:00:00,Delivered
O00387,C0158,2025-11-17 00:00:00,Cancelled
O00388,C0079,2025-01-11 00:00:00,Delivered
O00389,C0431,2025-01-22 00:00:00,Delivered
O00390,C0103,2026-08-06 00:00:00,Delivered
O00391,C0142,2026-07-07 00:00:00,Delivered
O00392,C0488,2025-12-23 00:00:00,Delivered
O00393,C0410,2025-04-17 00:00:00,Delivered
O00394,C0110,2026-04-21 00:00:00,Pending
O00395,C0192,2025-03-29 00:00:00,Delivered
O00396,C0258,2025-08-18 00:00:00,Delivered
O00397,C0333,2025-07-20 00:00:00,Delivered
O00398,C0469,2025-01-08 00:00:00,Pending
O00399,C0436,2026-05-06 00:00:00,Delivered
O00400,C0489,2025-11-06 00:00:00,Delivered
O00401,C0021,2025-07-12 00:00:00,Cancelled
O00402,C0119,2025-11-05 00:00:00,Delivered
O00403,C0282,2025-01-01 00:00:00,Cancelled
O00404,C0025,2025-09-23 00:00:00,Delivered
O00405,C0178,2025-11-12 00:00:00,Delivered
O00406,C0077,2025-07-26 00:00:00,Pending
O00407,C0467,2026-05-20 00:00:00,Cancelled
O00408,C0032,2025-06-01 00:00:00,Delivered
O00409,C0075,2025-03-25 00:00:00,Delivered
O00410,C0098,2025-11-17 00:00:00,Delivered
O00411,C0075,2026-06-24 00:00:00,Cancelled
O00412,C0285,2025-08-17 00:00:00,Cancelled
O00413,C0183,2025-01-29 00:00:00,Delivered
O00414,C0457,2026-08-13 00:00:00,Delivered
O00415,C0131,2025-09-28 00:00:00,Delivered
O00416,C0269,2025-04-16 00:00:00,Delivered
O00417,C0331,2026-01-10 00:00:00,Delivered
O00418,C0313,2025-07-14 00:00:00,Delivered
O00419,C0399,2026-07-25 00:00:00,Delivered
O00420,C0101,2025-06-28 00:00:00,Pending
O00421,C0254,2025-12-01 00:00:00,Cancelled
O00422,C0401,2025-11-27 00:00:00,Delivered
O00423,C0432,2025-05-28 00:00:00,Pending
O00424,C0309,2025-10-31 00:00:00,Delivered
O00425,C0326,2025-03-08 00:00:00,Pending
O00426,C0433,2026-01-27 00:00:00,Delivered
O00427,C0313,2026-04-07 00:00:00,Delivered
O00428,C0475,2026-08-01 00:00:00,Delivered
O00429,C0064,2025-07-18 00:00:00,Cancelled
O00430,C0174,2025-06-23 00:00:00,Delivered
O00431,C0057,2025-11-30 00:00:00,Pending
O00432,C0046,2026-02-26 00:00:00,Delivered
O00433,C0236,2026-08-27 00:00:00,Delivered
O00434,C0113,2025-01-16 00:00:00,Delivered
O00435,C0204,2025-05-25 00:00:00,Pending
O00436,C0219,2025-06-09 00:00:00,Delivered
O00437,C0311,2025-06-05 00:00:00,Cancelled
O00438,C0473,2025-10-09 00:00:00,Pending
O00439,C0425,2026-06-15 00:00:00,Delivered
O00440,C0190,2025-01-19 00:00:00,Delivered
O00441,C0163,2026-05-12 00:00:00,Delivered
O00442,C0386,2026-01-11 00:00:00,Delivered
O00443,C0062,2026-01-10 00:00:00,Pending
O00444,C0271,2026-02-17 00:00:00,Pending
O00445,C0212,2025-03-12 00:00:00,Delivered
O00446,C0092,2026-03-31 00:00:00,Pending
O00447,C0309,2025-05-31 00:00:00,Delivered
O00448,C0161,2025-11-11 00:00:00,Cancelled
O00449,C0093,2026-02-16 00:00:00,Delivered
O00450,C0327,2026-01-03 00:00:00,Delivered
O00451,C0088,2025-07-16 00:00:00,Delivered
O00452,C0337,2025-08-29 00:00:00,Delivered
O00453,C0082,2025-10-17 00:00:00,Delivered
O00454,C0218,2025-01-26 00:00:00,Delivered
O00455,C0404,2026-03-18 00:00:00,Delivered
O00456,C0115,2025-03-02 00:00:00,Delivered
O00457,C0384,2025-10-06 00:00:00,Pending
O00458,C0361,2026-02-03 00:00:00,Delivered
O00459,C0452,2025-02-18 00:00:00,Delivered
O00460,C0085,2026-08-29 00:00:00,Delivered
O00461,C0358,2025-08-18 00:00:00,Pending
O00462,C0469,2025-01-10 00:00:00,Delivered
O00463,C0382,2026-02-05 00:00:00,Pending
O00464,C0094,2025-12-06 00:00:00,Cancelled
O00465,C0412,2026-01-25 00:00:00,Cancelled
O00466,C0054,2026-04-02 00:00:00,Delivered
O00467,C0295,2025-10-17 00:00:00,Delivered
O00468,C0249,2026-05-18 00:00:00,Delivered
O00469,C0266,2025-08-14 00:00:00,Pending
O00470,C0260,2025-11-28 00:00:00,Cancelled
O00471,C0016,2025-04-07 00:00:00,Cancelled
O00472,C0255,2026-01-12 00:00:00,Pending
O00473,C0469,2025-06-09 00:00:00,Delivered
O00474,C0219,2026-02-28 00:00:00,Delivered
O00475,C0139,2026-05-03 00:00:00,Pending
O00476,C0498,2026-06-07 00:00:00,Delivered
O00477,C0050,2026-07-19 00:00:00,Delivered
O00478,C0244,2025-03-16 00:00:00,Delivered
O00479,C0257,2025-03-25 00:00:00,Pending
O00480,C0239,2026-07-18 00:00:00,Delivered
O00481,C0461,2025-08-20 00:00:00,Delivered
O00482,C0211,2025-01-16 00:00:00,Cancelled
O00483,C0487,2025-06-24 00:00:00,Delivered
O00484,C0034,2026-05-24 00:00:00,Delivered
O00485,C0367,2025-08-04 00:00:00,Pending
O00486,C0297,2025-02-16 00:00:00,Delivered
O00487,C0121,2026-03-16 00:00:00,Cancelled
O00488,C0114,2025-04-29 00:00:00,Delivered
O00489,C0360,2025-08-03 00:00:00,Delivered
O00490,C0319,2025-01-03 00:00:00,Delivered
O00491,C0306,2026-01-02 00:00:00,Cancelled
O00492,C0026,2025-09-28 00:00:00,Delivered
O00493,C0299,2026-06-12 00:00:00,Delivered
O00494,C0491,2025-07-23 00:00:00,Delivered
O00495,C0009,2025-05-05 00:00:00,Delivered
O00496,C0235,2025-04-11 00:00:00,Pending
O00497,C0248,2025-05-02 00:00:00,Cancelled
O00498,C0449,2025-10-02 00:00:00,Cancelled
O00499,C0142,2025-02-22 00:00:00,Delivered
O00500,C0238,2025-09-02 00:00:00,Delivered
O00501,C0359,2026-06-04 00:00:00,Cancelled
O00502,C0031,2026-04-12 00:00:00,Delivered
O00503,C0401,2026-01-23 00:00:00,Delivered
O00504,C0412,2026-06-28 00:00:00,Cancelled
O00505,C0360,2026-04-20 00:00:00,Cancelled
O00506,C0325,2026-02-01 00:00:00,Delivered
O00507,C0374,2026-06-09 00:00:00,Cancelled
O00508,C0391,2025-03-17 00:00:00,Delivered
O00509,C0452,2026-05-13 00:00:00,Delivered
O00510,C0215,2025-06-29 00:00:00,Cancelled
O00511,C0229,2026-03-22 00:00:00,Pending
O00512,C0319,2026-07-10 00:00:00,Delivered
O00513,C0097,2025-10-29 00:00:00,Delivered
O00514,C0429,2025-02-23 00:00:00,Delivered
O00515,C0386,2025-08-14 00:00:00,Delivered
O00516,C0316,2025-09-05 00:00:00,Delivered
O00517,C0151,2026-07-24 00:00:00,Delivered
O00518,C0174,2026-07-28 00:00:00,Delivered
O00519,C0218,2025-12-12 00:00:00,Delivered
O00520,C0332,2026-08-02 00:00:00,Delivered
O00521,C0390,2025-09-23 00:00:00,Cancelled
O00522,C0336,2025-09-08 00:00:00,Pending
O00523,C0465,2026-05-24 00:00:00,Delivered
O00524,C0481,2026-02-10 00:00:00,Delivered
O00525,C0353,2025-11-14 00:00:00,Delivered
O00526,C0186,2025-10-05 00:00:00,Delivered
O00527,C0300,2026-03-06 00:00:00,Pending
O00528,C0213,2026-04-04 00:00:00,Cancelled
O00529,C0315,2025-10-26 00:00:00,Delivered
O00530,C0407,2025-01-20 00:00:00,Delivered
O00531,C0185,2025-03-03 00:00:00,Delivered
O00532,C0253,2025-03-29 00:00:00,Delivered
O00533,C0023,2025-10-08 00:00:00,Cancelled
O00534,C0369,2026-01-09 00:00:00,Delivered
O00535,C0245,2026-05-04 00:00:00,Delivered
O00536,C0230,2025-05-22 00:00:00,Cancelled
O00537,C0267,2026-04-24 00:00:00,Pending
O00538,C0108,2026-02-09 00:00:00,Delivered
O00539,C0299,2025-02-01 00:00:00,Pending
O00540,C0373,2025-08-02 00:00:00,Cancelled
O00541,C0175,2025-07-04 00:00:00,Cancelled
O00542,C0066,2026-06-24 00:00:00,Pending
O00543,C0194,2026-07-15 00:00:00,Delivered
O00544,C0100,2026-05-14 00:00:00,Cancelled
O00545,C0187,2025-11-18 00:00:00,Pending
O00546,C0314,2025-10-27 00:00:00,Pending
O00547,C0057,2025-07-09 00:00:00,Delivered
O00548,C0374,2026-04-15 00:00:00,Cancelled
O00549,C0113,2025-02-22 00:00:00,Pending
O00550,C0448,2025-06-14 00:00:00,Pending
O00551,C0367,2025-03-24 00:00:00,Pending
O00552,C0137,2025-10-28 00:00:00,Pending
O00553,C0282,2025-07-02 00:00:00,Delivered
O00554,C0056,2025-05-01 00:00:00,Cancelled
O00555,C0050,2025-08-17 00:00:00,Delivered
O00556,C0479,2026-06-08 00:00:00,Pending
O00557,C0402,2025-12-06 00:00:00,Pending
O00558,C0078,2026-05-16 00:00:00,Pending
O00559,C0142,2026-07-10 00:00:00,Delivered
O00560,C0099,2026-07-03 00:00:00,Delivered
O00561,C0198,2025-08-02 00:00:00,Delivered
O00562,C0146,2026-06-18 00:00:00,Cancelled
O00563,C0165,2026-07-07 00:00:00,Delivered
O00564,C0265,2026-08-07 00:00:00,Delivered
O00565,C0095,2025-08-02 00:00:00,Cancelled
O00566,C0442,2025-05-19 00:00:00,Pending
O00567,C0364,2025-12-22 00:00:00,Delivered
O00568,C0381,2026-07-21 00:00:00,Delivered
O00569,C0085,2026-07-02 00:00:00,Cancelled
O00570,C0355,2025-12-14 00:00:00,Pending
O00571,C0419,2025-04-01 00:00:00,Cancelled
O00572,C0088,2025-09-14 00:00:00,Cancelled
O00573,C0376,2026-03-11 00:00:00,Pending
O00574,C0179,2025-12-07 00:00:00,Pending
O00575,C0394,2025-07-30 00:00:00,Cancelled
O00576,C0240,2025-07-28 00:00:00,Delivered
O00577,C0402,2025-02-06 00:00:00,Delivered
O00578,C0074,2025-06-25 00:00:00,Cancelled
O00579,C0195,2026-02-11 00:00:00,Delivered
O00580,C0137,2025-05-27 00:00:00,Cancelled
O00581,C0125,2026-08-27 00:00:00,Delivered
O00582,C0155,2025-02-20 00:00:00,Pending
O00583,C0192,2025-12-24 00:00:00,Delivered
O00584,C0064,2025-10-29 00:00:00,Pending
O00585,C0354,2026-05-22 00:00:00,Delivered
O00586,C0276,2026-06-24 00:00:00,Delivered
O00587,C0415,2025-11-27 00:00:00,Cancelled
O00588,C0353,2026-01-19 00:00:00,Delivered
O00589,C0075,2026-03-01 00:00:00,Pending
O00590,C0035,2025-11-13 00:00:00,Delivered
O00591,C0212,2025-04-23 00:00:00,Cancelled
O00592,C0241,2025-09-18 00:00:00,Pending
O00593,C0121,2025-05-27 00:00:00,Delivered
O00594,C0392,2025-10-10 00:00:00,Delivered
O00595,C0291,2026-01-10 00:00:00,Delivered
O00596,C0374,2025-05-08 00:00:00,Cancelled
O00597,C0055,2025-06-01 00:00:00,Pending
O00598,C0408,2026-05-16 00:00:00,Cancelled
O00599,C0104,2025-08-18 00:00:00,Cancelled
O00600,C0225,2025-05-01 00:00:00,Delivered
O00601,C0220,2026-03-10 00:00:00,Cancelled
O00602,C0411,2026-03-12 00:00:00,Delivered
O00603,C0139,2026-05-18 00:00:00,Delivered
O00604,C0121,2026-04-08 00:00:00,Delivered
O00605,C0170,2026-08-27 00:00:00,Delivered
O00606,C0181,2025-12-16 00:00:00,Pending
O00607,C0091,2025-06-24 00:00:00,Pending
O00608,C0089,2026-06-09 00:00:00,Delivered
O00609,C0116,2025-06-11 00:00:00,Delivered
O00610,C0234,2025-06-26 00:00:00,Delivered
O00611,C0172,2026-05-19 00:00:00,Delivered
O00612,C0197,2026-06-21 00:00:00,Cancelled
O00613,C0360,2025-07-26 00:00:00,Delivered
O00614,C0121,2026-03-20 00:00:00,Delivered
O00615,C0455,2026-07-15 00:00:00,Pending
O00616,C0376,2026-05-01 00:00:00,Pending
O00617,C0088,2025-01-04 00:00:00,Cancelled
O00618,C0157,2026-02-09 00:00:00,Delivered
O00619,C0092,2025-04-14 00:00:00,Delivered
O00620,C0137,2026-05-30 00:00:00,Delivered
O00621,C0183,2025-02-10 00:00:00,Pending
O00622,C0066,2026-08-27 00:00:00,Delivered
O00623,C0008,2025-04-18 00:00:00,Cancelled
O00624,C0220,2025-09-13 00:00:00,Delivered
O00625,C0351,2025-05-23 00:00:00,Cancelled
O00626,C0152,2026-05-10 00:00:00,Delivered
O00627,C0431,2025-08-28 00:00:00,Delivered
O00628,C0185,2026-03-29 00:00:00,Cancelled
O00629,C0451,2025-02-10 00:00:00,Cancelled
O00630,C0118,2025-10-03 00:00:00,Delivered
O00631,C0270,2026-07-08 00:00:00,Delivered
O00632,C0382,2026-07-18 00:00:00,Delivered
O00633,C0030,2025-05-07 00:00:00,Delivered
O00634,C0466,2025-08-28 00:00:00,Delivered
O00635,C0183,2025-09-06 00:00:00,Delivered
O00636,C0249,2025-12-10 00:00:00,Delivered
O00637,C0315,2025-11-23 00:00:00,Delivered
O00638,C0322,2025-03-06 00:00:00,Pending
O00639,C0012,2026-04-09 00:00:00,Delivered
O00640,C0434,2025-05-18 00:00:00,Delivered
O00641,C0312,2025-07-11 00:00:00,Delivered
O00642,C0500,2026-05-27 00:00:00,Pending
O00643,C0236,2026-02-24 00:00:00,Delivered
O00644,C0307,2025-08-30 00:00:00,Delivered
O00645,C0221,2026-07-09 00:00:00,Delivered
O00646,C0445,2025-08-28 00:00:00,Delivered
O00647,C0417,2025-12-10 00:00:00,Delivered
O00648,C0455,2025-05-30 00:00:00,Delivered
O00649,C0253,2025-04-22 00:00:00,Pending
O00650,C0396,2025-10-26 00:00:00,Delivered
O00651,C0180,2025-12-09 00:00:00,Delivered
O00652,C0231,2026-05-05 00:00:00,Cancelled
O00653,C0381,2025-08-26 00:00:00,Pending
O00654,C0041,2026-06-29 00:00:00,Delivered
O00655,C0356,2026-01-05 00:00:00,Delivered
O00656,C0008,2025-02-12 00:00:00,Delivered
O00657,C0291,2026-03-26 00:00:00,Delivered
O00658,C0239,2025-12-16 00:00:00,Cancelled
O00659,C0235,2025-08-25 00:00:00,Delivered
O00660,C0248,2025-10-12 00:00:00,Cancelled
O00661,C0246,2025-07-03 00:00:00,Cancelled
O00662,C0204,2026-01-09 00:00:00,Pending
O00663,C0226,2025-12-11 00:00:00,Delivered
O00664,C0285,2025-09-29 00:00:00,Pending
O00665,C0382,2025-06-23 00:00:00,Delivered
O00666,C0277,2025-08-31 00:00:00,Cancelled
O00667,C0322,2025-10-30 00:00:00,Cancelled
O00668,C0419,2025-10-14 00:00:00,Pending
O00669,C0495,2025-07-08 00:00:00,Delivered
O00670,C0055,2025-12-20 00:00:00,Cancelled
O00671,C0357,2025-05-18 00:00:00,Delivered
O00672,C0113,2025-11-01 00:00:00,Delivered
O00673,C0099,2025-03-15 00:00:00,Delivered
O00674,C0397,2025-10-15 00:00:00,Cancelled
O00675,C0035,2026-04-22 00:00:00,Cancelled
O00676,C0424,2026-05-13 00:00:00,Delivered
O00677,C0386,2026-02-27 00:00:00,Pending
O00678,C0498,2026-03-30 00:00:00,Cancelled
O00679,C0334,2025-02-10 00:00:00,Delivered
O00680,C0437,2025-07-27 00:00:00,Pending
O00681,C0060,2026-02-02 00:00:00,Cancelled
O00682,C0445,2026-05-02 00:00:00,Delivered
O00683,C0081,2025-12-21 00:00:00,Delivered
O00684,C0158,2026-06-04 00:00:00,Pending
O00685,C0065,2025-06-16 00:00:00,Delivered
O00686,C0201,2025-04-04 00:00:00,Pending
O00687,C0375,2025-02-22 00:00:00,Delivered
O00688,C0135,2025-12-21 00:00:00,Delivered
O00689,C0412,2026-02-09 00:00:00,Delivered
O00690,C0304,2025-06-23 00:00:00,Delivered
O00691,C0315,2026-04-22 00:00:00,Cancelled
O00692,C0470,2026-03-26 00:00:00,Pending
O00693,C0216,2025-08-07 00:00:00,Delivered
O00694,C0173,2025-05-26 00:00:00,Pending
O00695,C0498,2026-03-28 00:00:00,Delivered
O00696,C0279,2026-02-13 00:00:00,Delivered
O00697,C0308,2025-04-14 00:00:00,Pending
O00698,C0149,2025-06-05 00:00:00,Delivered
O00699,C0108,2025-10-23 00:00:00,Cancelled
O00700,C0085,2025-11-07 00:00:00,Cancelled
O00701,C0112,2025-04-11 00:00:00,Delivered
O00702,C0098,2026-07-31 00:00:00,Delivered
O00703,C0374,2025-08-25 00:00:00,Cancelled
O00704,C0029,2025-08-20 00:00:00,Delivered
O00705,C0315,2025-02-06 00:00:00,Delivered
O00706,C0475,2026-06-17 00:00:00,Delivered
O00707,C0383,2025-05-23 00:00:00,Pending
O00708,C0202,2026-08-24 00:00:00,Delivered
O00709,C0030,2025-10-29 00:00:00,Delivered
O00710,C0418,2026-06-16 00:00:00,Delivered
O00711,C0002,2025-04-19 00:00:00,Delivered
O00712,C0341,2025-04-11 00:00:00,Cancelled
O00713,C0336,2026-05-03 00:00:00,Delivered
O00714,C0096,2026-05-14 00:00:00,Cancelled
O00715,C0370,2025-11-27 00:00:00,Delivered
O00716,C0088,2025-01-20 00:00:00,Cancelled
O00717,C0113,2026-07-28 00:00:00,Cancelled
O00718,C0406,2025-08-28 00:00:00,Delivered
O00719,C0490,2026-07-24 00:00:00,Delivered
O00720,C0133,2026-06-14 00:00:00,Delivered
O00721,C0461,2026-06-02 00:00:00,Delivered
O00722,C0457,2026-02-23 00:00:00,Delivered
O00723,C0385,2026-02-14 00:00:00,Delivered
O00724,C0071,2025-11-20 00:00:00,Delivered
O00725,C0150,2025-01-16 00:00:00,Delivered
O00726,C0339,2025-08-24 00:00:00,Delivered
O00727,C0500,2026-03-21 00:00:00,Delivered
O00728,C0408,2026-05-09 00:00:00,Delivered
O00729,C0211,2025-12-07 00:00:00,Delivered
O00730,C0118,2026-03-08 00:00:00,Delivered
O00731,C0481,2025-01-14 00:00:00,Delivered
O00732,C0139,2025-10-12 00:00:00,Delivered
O00733,C0172,2025-11-05 00:00:00,Delivered
O00734,C0483,2026-06-27 00:00:00,Cancelled
O00735,C0281,2025-07-09 00:00:00,Cancelled
O00736,C0133,2025-05-20 00:00:00,Cancelled
O00737,C0003,2025-08-03 00:00:00,Cancelled
O00738,C0215,2025-04-14 00:00:00,Pending
O00739,C0494,2025-12-06 00:00:00,Delivered
O00740,C0217,2026-01-26 00:00:00,Cancelled
O00741,C0350,2026-05-03 00:00:00,Pending
O00742,C0127,2026-08-14 00:00:00,Delivered
O00743,C0388,2025-02-14 00:00:00,Pending
O00744,C0388,2025-05-31 00:00:00,Delivered
O00745,C0305,2025-07-02 00:00:00,Pending
O00746,C0386,2025-06-01 00:00:00,Delivered
O00747,C0290,2026-05-18 00:00:00,Delivered
O00748,C0190,2025-03-26 00:00:00,Delivered
O00749,C0369,2025-01-19 00:00:00,Cancelled
O00750,C0418,2026-06-08 00:00:00,Delivered
O00751,C0421,2026-08-08 00:00:00,Delivered
O00752,C0107,2025-05-18 00:00:00,Delivered
O00753,C0339,2025-07-22 00:00:00,Pending
O00754,C0003,2025-11-02 00:00:00,Delivered
O00755,C0286,2025-11-16 00:00:00,Delivered
O00756,C0286,2026-08-26 00:00:00,Delivered
O00757,C0182,2025-09-03 00:00:00,Delivered
O00758,C0498,2025-01-08 00:00:00,Cancelled
O00759,C0442,2025-09-15 00:00:00,Pending
O00760,C0020,2025-12-05 00:00:00,Pending
O00761,C0105,2025-11-11 00:00:00,Cancelled
O00762,C0104,2025-11-08 00:00:00,Cancelled
O00763,C0449,2026-07-15 00:00:00,Delivered
O00764,C0260,2026-05-06 00:00:00,Cancelled
O00765,C0365,2025-06-03 00:00:00,Delivered
O00766,C0405,2025-08-05 00:00:00,Delivered
O00767,C0384,2026-02-10 00:00:00,Delivered
O00768,C0045,2025-09-07 00:00:00,Delivered
O00769,C0071,2025-09-18 00:00:00,Delivered
O00770,C0198,2025-04-13 00:00:00,Cancelled
O00771,C0170,2025-06-04 00:00:00,Delivered
O00772,C0374,2026-03-27 00:00:00,Delivered
O00773,C0079,2026-05-28 00:00:00,Delivered
O00774,C0186,2026-04-23 00:00:00,Delivered
O00775,C0119,2025-07-07 00:00:00,Delivered
O00776,C0095,2025-03-25 00:00:00,Delivered
O00777,C0087,2025-04-08 00:00:00,Pending
O00778,C0098,2025-08-28 00:00:00,Pending
O00779,C0283,2025-11-11 00:00:00,Cancelled
O00780,C0206,2026-06-27 00:00:00,Cancelled
O00781,C0218,2026-07-01 00:00:00,Cancelled
O00782,C0240,2025-01-02 00:00:00,Delivered
O00783,C0371,2026-03-07 00:00:00,Delivered
O00784,C0431,2025-07-01 00:00:00,Cancelled
O00785,C0264,2025-05-01 00:00:00,Cancelled
O00786,C0322,2025-12-04 00:00:00,Delivered
O00787,C0370,2025-01-21 00:00:00,Delivered
O00788,C0346,2025-07-23 00:00:00,Delivered
O00789,C0068,2025-12-02 00:00:00,Delivered
O00790,C0492,2025-06-15 00:00:00,Delivered
O00791,C0083,2025-12-27 00:00:00,Delivered
O00792,C0206,2025-10-07 00:00:00,Delivered
O00793,C0327,2026-05-02 00:00:00,Cancelled
O00794,C0202,2025-04-21 00:00:00,Cancelled
O00795,C0122,2025-02-04 00:00:00,Pending
O00796,C0462,2025-11-19 00:00:00,Delivered
O00797,C0036,2025-06-06 00:00:00,Cancelled
O00798,C0123,2026-03-06 00:00:00,Cancelled
O00799,C0497,2025-02-26 00:00:00,Delivered
O00800,C0365,2025-12-16 00:00:00,Delivered
O00801,C0044,2026-08-25 00:00:00,Delivered
O00802,C0378,2025-02-26 00:00:00,Cancelled
O00803,C0485,2025-07-03 00:00:00,Pending
O00804,C0049,2026-05-29 00:00:00,Cancelled
O00805,C0208,2025-11-21 00:00:00,Delivered
O00806,C0235,2025-04-17 00:00:00,Cancelled
O00807,C0066,2025-05-10 00:00:00,Delivered
O00808,C0101,2026-04-11 00:00:00,Cancelled
O00809,C0087,2026-06-08 00:00:00,Delivered
O00810,C0093,2025-08-08 00:00:00,Pending
O00811,C0202,2025-10-16 00:00:00,Pending
O00812,C0232,2026-04-21 00:00:00,Delivered
O00813,C0119,2025-04-18 00:00:00,Delivered
O00814,C0145,2025-05-06 00:00:00,Cancelled
O00815,C0097,2026-04-16 00:00:00,Cancelled
O00816,C0399,2025-04-24 00:00:00,Cancelled
O00817,C0106,2026-04-14 00:00:00,Delivered
O00818,C0454,2025-10-30 00:00:00,Delivered
O00819,C0270,2026-08-25 00:00:00,Delivered
O00820,C0402,2025-01-21 00:00:00,Delivered
O00821,C0319,2026-07-30 00:00:00,Delivered
O00822,C0134,2025-05-17 00:00:00,Delivered
O00823,C0301,2025-01-22 00:00:00,Delivered
O00824,C0138,2026-03-17 00:00:00,Delivered
O00825,C0060,2025-11-20 00:00:00,Pending
O00826,C0128,2026-05-25 00:00:00,Delivered
O00827,C0138,2025-03-07 00:00:00,Pending
O00828,C0068,2025-02-19 00:00:00,Delivered
O00829,C0012,2025-12-11 00:00:00,Delivered
O00830,C0472,2026-06-21 00:00:00,Cancelled
O00831,C0257,2025-09-04 00:00:00,Delivered
O00832,C0202,2026-04-30 00:00:00,Delivered
O00833,C0465,2026-07-05 00:00:00,Delivered
O00834,C0113,2026-06-13 00:00:00,Pending
O00835,C0202,2025-11-06 00:00:00,Delivered
O00836,C0424,2026-03-01 00:00:00,Delivered
O00837,C0317,2025-11-16 00:00:00,Cancelled
O00838,C0200,2026-02-14 00:00:00,Cancelled
O00839,C0128,2025-12-11 00:00:00,Delivered
O00840,C0018,2025-11-16 00:00:00,Delivered
O00841,C0043,2025-09-23 00:00:00,Delivered
O00842,C0081,2026-02-01 00:00:00,Delivered
O00843,C0394,2026-04-02 00:00:00,Pending
O00844,C0320,2026-07-13 00:00:00,Delivered
O00845,C0217,2026-01-08 00:00:00,Pending
O00846,C0392,2025-03-03 00:00:00,Cancelled
O00847,C0081,2025-12-24 00:00:00,Delivered
O00848,C0106,2025-07-11 00:00:00,Delivered
O00849,C0197,2025-01-17 00:00:00,Delivered
O00850,C0459,2025-02-14 00:00:00,Pending
O00851,C0308,2025-12-26 00:00:00,Delivered
O00852,C0426,2026-07-29 00:00:00,Delivered
O00853,C0125,2025-11-04 00:00:00,Delivered
O00854,C0425,2025-09-28 00:00:00,Delivered
O00855,C0037,2025-02-23 00:00:00,Delivered
O00856,C0114,2026-02-15 00:00:00,Delivered
O00857,C0262,2025-02-03 00:00:00,Delivered
O00858,C0026,2026-05-27 00:00:00,Cancelled
O00859,C0430,2026-05-12 00:00:00,Cancelled
O00860,C0434,2026-08-26 00:00:00,Delivered
O00861,C0271,2025-06-22 00:00:00,Delivered
O00862,C0153,2025-04-09 00:00:00,Delivered
O00863,C0050,2025-07-02 00:00:00,Pending
O00864,C0310,2026-05-02 00:00:00,Delivered
O00865,C0269,2025-05-14 00:00:00,Delivered
O00866,C0380,2026-06-24 00:00:00,Delivered
O00867,C0302,2025-04-04 00:00:00,Pending
O00868,C0065,2025-01-30 00:00:00,Delivered
O00869,C0061,2025-05-14 00:00:00,Delivered
O00870,C0391,2026-04-04 00:00:00,Pending
O00871,C0080,2026-01-02 00:00:00,Cancelled
O00872,C0470,2025-08-04 00:00:00,Delivered
O00873,C0053,2026-02-03 00:00:00,Delivered
O00874,C0365,2026-01-30 00:00:00,Delivered
O00875,C0488,2025-12-04 00:00:00,Delivered
O00876,C0221,2025-11-09 00:00:00,Pending
O00877,C0029,2025-03-03 00:00:00,Delivered
O00878,C0439,2025-06-07 00:00:00,Delivered
O00879,C0094,2025-11-17 00:00:00,Pending
O00880,C0264,2025-03-24 00:00:00,Delivered
O00881,C0493,2025-10-17 00:00:00,Delivered
O00882,C0373,2025-03-13 00:00:00,Cancelled
O00883,C0024,2026-04-24 00:00:00,Delivered
O00884,C0411,2025-03-04 00:00:00,Pending
O00885,C0081,2025-02-26 00:00:00,Delivered
O00886,C0375,2026-01-23 00:00:00,Cancelled
O00887,C0311,2025-05-15 00:00:00,Pending
O00888,C0144,2025-08-02 00:00:00,Delivered
O00889,C0212,2025-07-11 00:00:00,Delivered
O00890,C0059,2025-05-12 00:00:00,Pending
O00891,C0494,2026-04-09 00:00:00,Delivered
O00892,C0120,2026-02-25 00:00:00,Delivered
O00893,C0155,2025-05-26 00:00:00,Delivered
O00894,C0252,2026-02-22 00:00:00,Pending
O00895,C0337,2026-03-10 00:00:00,Delivered
O00896,C0253,2025-11-24 00:00:00,Pending
O00897,C0253,2025-12-18 00:00:00,Pending
O00898,C0292,2026-07-23 00:00:00,Pending
O00899,C0429,2025-10-03 00:00:00,Delivered
O00900,C0198,2025-08-23 00:00:00,Delivered
O00901,C0417,2025-11-24 00:00:00,Delivered
O00902,C0394,2026-05-24 00:00:00,Delivered
O00903,C0481,2026-03-08 00:00:00,Pending
O00904,C0457,2025-02-15 00:00:00,Cancelled
O00905,C0400,2025-10-07 00:00:00,Delivered
O00906,C0124,2026-03-26 00:00:00,Delivered
O00907,C0388,2025-05-17 00:00:00,Cancelled
O00908,C0369,2026-08-24 00:00:00,Delivered
O00909,C0145,2026-05-07 00:00:00,Pending
O00910,C0339,2026-05-30 00:00:00,Pending
O00911,C0127,2025-02-19 00:00:00,Pending
O00912,C0262,2025-12-19 00:00:00,Cancelled
O00913,C0399,2025-11-17 00:00:00,Cancelled
O00914,C0095,2026-01-17 00:00:00,Delivered
O00915,C0169,2026-06-01 00:00:00,Delivered
O00916,C0398,2025-08-03 00:00:00,Delivered
O00917,C0227,2025-11-21 00:00:00,Pending
O00918,C0481,2026-02-18 00:00:00,Delivered
O00919,C0004,2026-04-03 00:00:00,Delivered
O00920,C0361,2026-04-14 00:00:00,Delivered
O00921,C0408,2025-07-24 00:00:00,Delivered
O00922,C0459,2026-08-30 00:00:00,Delivered
O00923,C0079,2025-01-06 00:00:00,Cancelled
O00924,C0493,2025-10-27 00:00:00,Pending
O00925,C0197,2026-01-06 00:00:00,Cancelled
O00926,C0177,2025-02-07 00:00:00,Cancelled
O00927,C0178,2025-10-02 00:00:00,Delivered
O00928,C0320,2025-12-29 00:00:00,Delivered
O00929,C0330,2026-01-05 00:00:00,Delivered
O00930,C0237,2025-03-14 00:00:00,Delivered
O00931,C0036,2025-06-18 00:00:00,Delivered
O00932,C0494,2025-05-29 00:00:00,Cancelled
O00933,C0112,2026-01-25 00:00:00,Delivered
O00934,C0047,2025-07-19 00:00:00,Pending
O00935,C0299,2025-12-14 00:00:00,Delivered
O00936,C0207,2026-03-21 00:00:00,Pending
O00937,C0308,2026-04-30 00:00:00,Delivered
O00938,C0438,2025-04-22 00:00:00,Delivered
O00939,C0049,2026-07-04 00:00:00,Cancelled
O00940,C0143,2025-04-11 00:00:00,Pending
O00941,C0259,2025-01-14 00:00:00,Delivered
O00942,C0394,2025-01-28 00:00:00,Delivered
O00943,C0301,2025-05-03 00:00:00,Delivered
O00944,C0192,2026-06-15 00:00:00,Delivered
O00945,C0306,2025-05-07 00:00:00,Pending
O00946,C0490,2026-02-26 00:00:00,Pending
O00947,C0241,2025-09-12 00:00:00,Delivered
O00948,C0442,2025-01-25 00:00:00,Delivered
O00949,C0390,2025-09-28 00:00:00,Delivered
O00950,C0151,2025-01-18 00:00:00,Delivered
O00951,C0125,2025-10-17 00:00:00,Delivered
O00952,C0386,2025-12-06 00:00:00,Delivered
O00953,C0104,2025-11-13 00:00:00,Delivered
O00954,C0169,2025-06-21 00:00:00,Delivered
O00955,C0118,2026-04-12 00:00:00,Pending
O00956,C0304,2025-12-29 00:00:00,Delivered
O00957,C0148,2025-06-04 00:00:00,Delivered
O00958,C0330,2025-09-22 00:00:00,Cancelled
O00959,C0468,2025-03-07 00:00:00,Cancelled
O00960,C0415,2026-07-16 00:00:00,Delivered
O00961,C0474,2026-04-03 00:00:00,Delivered
O00962,C0013,2025-06-24 00:00:00,Delivered
O00963,C0228,2026-02-15 00:00:00,Pending
O00964,C0111,2026-02-17 00:00:00,Pending
O00965,C0459,2026-01-06 00:00:00,Delivered
O00966,C0356,2025-02-02 00:00:00,Delivered
O00967,C0161,2026-06-19 00:00:00,Delivered
O00968,C0282,2026-08-05 00:00:00,Pending
O00969,C0303,2026-08-16 00:00:00,Delivered
O00970,C0248,2026-08-20 00:00:00,Delivered
O00971,C0238,2026-07-19 00:00:00,Delivered
O00972,C0028,2026-03-26 00:00:00,Delivered
O00973,C0227,2025-02-04 00:00:00,Delivered
O00974,C0175,2025-10-10 00:00:00,Delivered
O00975,C0410,2025-05-30 00:00:00,Cancelled
O00976,C0433,2025-05-14 00:00:00,Pending
O00977,C0376,2026-05-21 00:00:00,Delivered
O00978,C0016,2026-05-10 00:00:00,Delivered
O00979,C0421,2025-11-14 00:00:00,Delivered
O00980,C0199,2026-03-24 00:00:00,Pending
O00981,C0209,2025-03-20 00:00:00,Cancelled
O00982,C0473,2025-05-15 00:00:00,Delivered
O00983,C0434,2026-06-08 00:00:00,Cancelled
O00984,C0026,2025-10-02 00:00:00,Delivered
O00985,C0180,2025-11-29 00:00:00,Delivered
O00986,C0375,2025-10-09 00:00:00,Delivered
O00987,C0270,2025-05-03 00:00:00,Cancelled
O00988,C0129,2026-05-18 00:00:00,Delivered
O00989,C0263,2026-04-07 00:00:00,Cancelled
O00990,C0434,2026-02-20 00:00:00,Delivered
O00991,C0112,2025-08-03 00:00:00,Delivered
O00992,C0374,2026-01-27 00:00:00,Delivered
O00993,C0368,2026-08-03 00:00:00,Delivered
O00994,C0443,2026-01-31 00:00:00,Delivered
O00995,C0149,2025-10-28 00:00:00,Delivered
O00996,C0108,2025-06-14 00:00:00,Cancelled
O00997,C0274,2025-11-14 00:00:00,Delivered
O00998,C0266,2025-08-15 00:00:00,Delivered
O00999,C0205,2026-01-07 00:00:00,Cancelled
O01000,C0390,2025-01-28 00:00:00,Delivered
O01001,C0400,2025-04-26 00:00:00,Delivered
O01002,C0123,2026-04-24 00:00:00,Delivered
O01003,C0398,2025-08-20 00:00:00,Pending
O01004,C0116,2025-09-21 00:00:00,Delivered
O01005,C0204,2025-11-27 00:00:00,Pending
O01006,C0014,2025-09-24 00:00:00,Delivered
O01007,C0171,2026-04-07 00:00:00,Delivered
O01008,C0480,2025-05-30 00:00:00,Cancelled
O01009,C0222,2026-04-07 00:00:00,Pending
O01010,C0356,2025-05-08 00:00:00,Delivered
O01011,C0054,2025-08-14 00:00:00,Delivered
O01012,C0318,2025-12-24 00:00:00,Pending
O01013,C0186,2026-06-23 00:00:00,Delivered
O01014,C0372,2025-05-22 00:00:00,Delivered
O01015,C0465,2025-12-24 00:00:00,Cancelled
O01016,C0266,2025-02-09 00:00:00,Delivered
O01017,C0052,2025-02-15 00:00:00,Pending
O01018,C0239,2026-04-12 00:00:00,Pending
O01019,C0062,2026-03-14 00:00:00,Pending
O01020,C0225,2025-08-17 00:00:00,Delivered
O01021,C0031,2026-01-14 00:00:00,Delivered
O01022,C0321,2025-08-20 00:00:00,Delivered
O01023,C0156,2025-06-18 00:00:00,Delivered
O01024,C0101,2025-09-20 00:00:00,Pending
O01025,C0009,2025-07-09 00:00:00,Cancelled
O01026,C0445,2026-05-11 00:00:00,Pending
O01027,C0419,2025-09-08 00:00:00,Cancelled
O01028,C0406,2025-07-15 00:00:00,Cancelled
O01029,C0030,2025-11-22 00:00:00,Delivered
O01030,C0175,2026-04-06 00:00:00,Delivered
O01031,C0486,2025-06-16 00:00:00,Delivered
O01032,C0290,2026-07-26 00:00:00,Delivered
O01033,C0065,2025-10-09 00:00:00,Delivered
O01034,C0071,2026-02-06 00:00:00,Pending
O01035,C0132,2026-08-06 00:00:00,Delivered
O01036,C0487,2025-09-20 00:00:00,Pending
O01037,C0085,2025-05-02 00:00:00,Cancelled
O01038,C0452,2026-03-31 00:00:00,Delivered
O01039,C0340,2025-01-05 00:00:00,Delivered
O01040,C0461,2025-10-06 00:00:00,Delivered
O01041,C0414,2026-08-19 00:00:00,Delivered
O01042,C0167,2025-09-09 00:00:00,Delivered
O01043,C0414,2026-02-20 00:00:00,Delivered
O01044,C0085,2025-11-16 00:00:00,Delivered
O01045,C0146,2025-05-11 00:00:00,Delivered
O01046,C0106,2025-07-13 00:00:00,Cancelled
O01047,C0067,2025-11-15 00:00:00,Pending
O01048,C0046,2025-03-05 00:00:00,Delivered
O01049,C0094,2025-09-10 00:00:00,Pending
O01050,C0061,2025-09-10 00:00:00,Delivered
O01051,C0191,2026-05-23 00:00:00,Delivered
O01052,C0036,2025-03-17 00:00:00,Delivered
O01053,C0031,2026-05-28 00:00:00,Delivered
O01054,C0495,2025-09-07 00:00:00,Delivered
O01055,C0044,2026-02-01 00:00:00,Cancelled
O01056,C0038,2025-12-05 00:00:00,Delivered
O01057,C0016,2025-07-02 00:00:00,Delivered
O01058,C0067,2026-07-20 00:00:00,Delivered
O01059,C0264,2025-05-17 00:00:00,Delivered
O01060,C0414,2025-01-23 00:00:00,Delivered
O01061,C0368,2026-04-02 00:00:00,Cancelled
O01062,C0291,2026-01-13 00:00:00,Pending
O01063,C0043,2026-06-26 00:00:00,Delivered
O01064,C0388,2025-10-06 00:00:00,Delivered
O01065,C0019,2025-01-11 00:00:00,Pending
O01066,C0316,2025-01-13 00:00:00,Delivered
O01067,C0205,2025-09-21 00:00:00,Cancelled
O01068,C0442,2025-06-01 00:00:00,Delivered
O01069,C0154,2026-07-15 00:00:00,Delivered
O01070,C0320,2025-03-14 00:00:00,Delivered
O01071,C0220,2026-06-20 00:00:00,Cancelled
O01072,C0262,2025-05-12 00:00:00,Delivered
O01073,C0470,2025-03-14 00:00:00,Pending
O01074,C0357,2025-06-16 00:00:00,Delivered
O01075,C0208,2025-03-29 00:00:00,Cancelled
O01076,C0224,2025-09-01 00:00:00,Delivered
O01077,C0353,2025-07-20 00:00:00,Cancelled
O01078,C0174,2025-11-18 00:00:00,Delivered
O01079,C0084,2025-11-23 00:00:00,Pending
O01080,C0234,2025-01-01 00:00:00,Cancelled
O01081,C0035,2025-03-17 00:00:00,Delivered
O01082,C0085,2025-04-09 00:00:00,Delivered
O01083,C0211,2025-04-29 00:00:00,Delivered
O01084,C0399,2025-02-26 00:00:00,Delivered
O01085,C0391,2025-07-11 00:00:00,Delivered
O01086,C0131,2025-12-01 00:00:00,Delivered
O01087,C0211,2025-07-07 00:00:00,Delivered
O01088,C0077,2025-07-20 00:00:00,Delivered
O01089,C0378,2025-10-13 00:00:00,Delivered
O01090,C0124,2025-11-30 00:00:00,Delivered
O01091,C0400,2025-07-21 00:00:00,Delivered
O01092,C0422,2025-05-15 00:00:00,Delivered
O01093,C0345,2025-09-06 00:00:00,Delivered
O01094,C0166,2025-01-15 00:00:00,Delivered
O01095,C0477,2025-10-27 00:00:00,Delivered
O01096,C0344,2026-07-27 00:00:00,Delivered
O01097,C0323,2025-08-30 00:00:00,Delivered
O01098,C0429,2025-03-07 00:00:00,Pending
O01099,C0441,2026-03-06 00:00:00,Delivered
O01100,C0039,2025-03-19 00:00:00,Pending
O01101,C0441,2025-04-28 00:00:00,Pending
O01102,C0383,2025-03-31 00:00:00,Pending
O01103,C0104,2026-06-22 00:00:00,Delivered
O01104,C0154,2026-08-20 00:00:00,Delivered
O01105,C0377,2025-12-13 00:00:00,Cancelled
O01106,C0109,2026-01-11 00:00:00,Delivered
O01107,C0227,2026-01-28 00:00:00,Pending
O01108,C0345,2026-01-07 00:00:00,Delivered
O01109,C0326,2025-11-27 00:00:00,Delivered
O01110,C0455,2026-08-23 00:00:00,Delivered
O01111,C0056,2026-03-22 00:00:00,Delivered
O01112,C0148,2025-02-23 00:00:00,Delivered
O01113,C0493,2025-08-27 00:00:00,Cancelled
O01114,C0285,2026-08-16 00:00:00,Delivered
O01115,C0125,2025-09-03 00:00:00,Pending
O01116,C0145,2025-05-05 00:00:00,Delivered
O01117,C0170,2026-06-13 00:00:00,Cancelled
O01118,C0278,2026-01-14 00:00:00,Delivered
O01119,C0143,2025-12-09 00:00:00,Delivered
O01120,C0311,2025-09-13 00:00:00,Delivered
O01121,C0223,2025-03-17 00:00:00,Cancelled
O01122,C0306,2025-08-22 00:00:00,Cancelled
O01123,C0078,2025-09-23 00:00:00,Delivered
O01124,C0312,2026-07-21 00:00:00,Delivered
O01125,C0463,2025-07-06 00:00:00,Pending
O01126,C0068,2025-04-01 00:00:00,Pending
O01127,C0164,2025-09-17 00:00:00,Delivered
O01128,C0347,2026-08-30 00:00:00,Delivered
O01129,C0309,2025-10-21 00:00:00,Delivered
O01130,C0338,2025-08-19 00:00:00,Delivered
O01131,C0280,2026-02-10 00:00:00,Delivered
O01132,C0342,2026-01-30 00:00:00,Delivered
O01133,C0305,2025-07-01 00:00:00,Delivered
O01134,C0038,2026-08-12 00:00:00,Delivered
O01135,C0376,2025-12-27 00:00:00,Cancelled
O01136,C0224,2025-02-05 00:00:00,Delivered
O01137,C0026,2025-09-05 00:00:00,Delivered
O01138,C0205,2026-07-16 00:00:00,Delivered
O01139,C0218,2025-08-28 00:00:00,Delivered
O01140,C0044,2025-12-12 00:00:00,Cancelled
O01141,C0499,2026-01-08 00:00:00,Delivered
O01142,C0112,2026-03-05 00:00:00,Delivered
O01143,C0166,2026-06-15 00:00:00,Pending
O01144,C0221,2025-04-01 00:00:00,Delivered
O01145,C0417,2025-11-11 00:00:00,Delivered
O01146,C0372,2025-11-21 00:00:00,Pending
O01147,C0386,2025-04-03 00:00:00,Delivered
O01148,C0119,2026-02-14 00:00:00,Delivered
O01149,C0423,2025-03-13 00:00:00,Delivered
O01150,C0415,2025-10-05 00:00:00,Delivered
O01151,C0232,2025-07-20 00:00:00,Delivered
O01152,C0273,2025-04-05 00:00:00,Delivered
O01153,C0019,2026-05-15 00:00:00,Cancelled
O01154,C0381,2025-05-29 00:00:00,Delivered
O01155,C0481,2025-06-05 00:00:00,Pending
O01156,C0237,2026-06-04 00:00:00,Delivered
O01157,C0271,2026-06-18 00:00:00,Pending
O01158,C0250,2025-01-21 00:00:00,Delivered
O01159,C0042,2025-06-18 00:00:00,Delivered
O01160,C0310,2026-03-07 00:00:00,Cancelled
O01161,C0361,2026-04-19 00:00:00,Pending
O01162,C0464,2026-08-31 00:00:00,Delivered
O01163,C0465,2025-12-04 00:00:00,Pending
O01164,C0246,2025-01-05 00:00:00,Delivered
O01165,C0480,2026-06-16 00:00:00,Delivered
O01166,C0265,2025-04-08 00:00:00,Delivered
O01167,C0322,2025-03-15 00:00:00,Delivered
O01168,C0301,2026-02-14 00:00:00,Pending
O01169,C0500,2026-01-03 00:00:00,Cancelled
O01170,C0369,2025-02-06 00:00:00,Cancelled
O01171,C0061,2025-04-13 00:00:00,Delivered
O01172,C0036,2025-12-25 00:00:00,Pending
O01173,C0205,2025-06-05 00:00:00,Delivered
O01174,C0258,2026-02-20 00:00:00,Cancelled
O01175,C0335,2025-09-08 00:00:00,Cancelled
O01176,C0241,2025-12-24 00:00:00,Cancelled
O01177,C0258,2025-10-16 00:00:00,Cancelled
O01178,C0461,2025-08-11 00:00:00,Delivered
O01179,C0168,2025-07-28 00:00:00,Cancelled
O01180,C0247,2026-02-28 00:00:00,Pending
O01181,C0279,2025-11-09 00:00:00,Delivered
O01182,C0235,2025-12-28 00:00:00,Delivered
O01183,C0485,2025-12-18 00:00:00,Delivered
O01184,C0482,2025-05-07 00:00:00,Delivered
O01185,C0257,2026-07-10 00:00:00,Cancelled
O01186,C0226,2025-12-09 00:00:00,Cancelled
O01187,C0295,2026-03-13 00:00:00,Delivered
O01188,C0091,2026-06-21 00:00:00,Delivered
O01189,C0213,2026-07-17 00:00:00,Pending
O01190,C0109,2026-02-10 00:00:00,Delivered
O01191,C0073,2026-04-24 00:00:00,Delivered
O01192,C0048,2025-10-14 00:00:00,Delivered
O01193,C0294,2026-03-25 00:00:00,Cancelled
O01194,C0001,2025-07-15 00:00:00,Delivered
O01195,C0324,2026-03-09 00:00:00,Pending
O01196,C0216,2025-02-22 00:00:00,Pending
O01197,C0184,2026-07-10 00:00:00,Delivered
O01198,C0385,2025-05-29 00:00:00,Delivered
O01199,C0270,2026-02-04 00:00:00,Delivered
O01200,C0367,2025-01-07 00:00:00,Pending
O01201,C0355,2025-04-05 00:00:00,Pending
O01202,C0017,2026-08-23 00:00:00,Delivered
O01203,C0108,2026-05-22 00:00:00,Delivered
O01204,C0285,2025-05-16 00:00:00,Cancelled
O01205,C0488,2025-03-21 00:00:00,Cancelled
O01206,C0078,2026-05-11 00:00:00,Delivered
O01207,C0053,2026-08-26 00:00:00,Cancelled
O01208,C0471,2025-04-13 00:00:00,Pending
O01209,C0484,2026-02-08 00:00:00,Cancelled
O01210,C0084,2025-06-22 00:00:00,Delivered
O01211,C0201,2026-03-29 00:00:00,Delivered
O01212,C0314,2025-09-12 00:00:00,Delivered
O01213,C0098,2025-03-18 00:00:00,Cancelled
O01214,C0164,2025-07-17 00:00:00,Delivered
O01215,C0198,2025-11-24 00:00:00,Delivered
O01216,C0321,2026-05-01 00:00:00,Delivered
O01217,C0155,2025-01-13 00:00:00,Delivered
O01218,C0207,2026-08-06 00:00:00,Delivered
O01219,C0145,2026-01-30 00:00:00,Delivered
O01220,C0380,2026-06-17 00:00:00,Cancelled
O01221,C0077,2026-07-20 00:00:00,Delivered
O01222,C0116,2025-04-04 00:00:00,Pending
O01223,C0125,2025-02-26 00:00:00,Delivered
O01224,C0453,2026-04-18 00:00:00,Cancelled
O01225,C0473,2025-04-25 00:00:00,Delivered
O01226,C0251,2025-03-31 00:00:00,Delivered
O01227,C0079,2025-10-12 00:00:00,Delivered
O01228,C0379,2026-07-10 00:00:00,Delivered
O01229,C0247,2026-04-29 00:00:00,Cancelled
O01230,C0425,2025-11-11 00:00:00,Pending
O01231,C0180,2025-04-30 00:00:00,Delivered
O01232,C0500,2025-07-24 00:00:00,Pending
O01233,C0404,2026-02-23 00:00:00,Delivered
O01234,C0112,2025-04-06 00:00:00,Delivered
O01235,C0363,2025-11-15 00:00:00,Delivered
O01236,C0144,2025-01-08 00:00:00,Pending
O01237,C0175,2025-07-17 00:00:00,Delivered
O01238,C0126,2025-05-31 00:00:00,Delivered
O01239,C0342,2026-02-19 00:00:00,Delivered
O01240,C0132,2026-07-10 00:00:00,Pending
O01241,C0320,2025-03-31 00:00:00,Delivered
O01242,C0292,2026-04-30 00:00:00,Pending
O01243,C0376,2026-02-03 00:00:00,Cancelled
O01244,C0497,2026-08-13 00:00:00,Cancelled
O01245,C0005,2026-07-09 00:00:00,Cancelled
O01246,C0496,2025-03-03 00:00:00,Delivered
O01247,C0055,2026-03-28 00:00:00,Delivered
O01248,C0264,2025-12-27 00:00:00,Delivered
O01249,C0171,2025-03-10 00:00:00,Delivered
O01250,C0320,2025-06-06 00:00:00,Delivered
O01251,C0361,2026-07-18 00:00:00,Delivered
O01252,C0430,2025-11-27 00:00:00,Cancelled
O01253,C0201,2025-07-25 00:00:00,Cancelled
O01254,C0467,2025-07-14 00:00:00,Delivered
O01255,C0162,2026-05-25 00:00:00,Cancelled
O01256,C0102,2025-06-22 00:00:00,Cancelled
O01257,C0190,2025-04-07 00:00:00,Pending
O01258,C0265,2025-12-15 00:00:00,Pending
O01259,C0335,2026-08-27 00:00:00,Pending
O01260,C0417,2025-04-22 00:00:00,Delivered
O01261,C0113,2025-06-05 00:00:00,Cancelled
O01262,C0152,2025-10-13 00:00:00,Delivered
O01263,C0470,2025-05-02 00:00:00,Delivered
O01264,C0220,2026-01-31 00:00:00,Cancelled
O01265,C0121,2025-06-04 00:00:00,Cancelled
O01266,C0493,2025-03-19 00:00:00,Delivered
O01267,C0225,2025-06-08 00:00:00,Pending
O01268,C0493,2026-07-20 00:00:00,Delivered
O01269,C0460,2026-07-23 00:00:00,Delivered
O01270,C0454,2025-11-04 00:00:00,Delivered
O01271,C0291,2025-09-01 00:00:00,Pending
O01272,C0400,2026-05-14 00:00:00,Delivered
O01273,C0481,2025-04-29 00:00:00,Delivered
O01274,C0135,2026-02-02 00:00:00,Cancelled
O01275,C0019,2026-02-18 00:00:00,Delivered
O01276,C0161,2026-03-08 00:00:00,Delivered
O01277,C0319,2025-05-13 00:00:00,Delivered
O01278,C0274,2026-03-12 00:00:00,Delivered
O01279,C0041,2026-01-08 00:00:00,Pending
O01280,C0281,2026-06-17 00:00:00,Delivered
O01281,C0088,2025-04-17 00:00:00,Delivered
O01282,C0253,2026-01-09 00:00:00,Delivered
O01283,C0288,2026-05-20 00:00:00,Delivered
O01284,C0319,2025-06-19 00:00:00,Delivered
O01285,C0207,2026-03-29 00:00:00,Delivered
O01286,C0205,2025-03-02 00:00:00,Cancelled
O01287,C0340,2026-03-13 00:00:00,Delivered
O01288,C0375,2026-01-04 00:00:00,Delivered
O01289,C0404,2025-04-28 00:00:00,Delivered
O01290,C0167,2025-02-10 00:00:00,Delivered
O01291,C0213,2026-03-30 00:00:00,Pending
O01292,C0166,2025-05-27 00:00:00,Pending
O01293,C0264,2025-10-30 00:00:00,Delivered
O01294,C0064,2025-02-06 00:00:00,Delivered
O01295,C0216,2026-08-09 00:00:00,Delivered
O01296,C0095,2025-11-30 00:00:00,Cancelled
O01297,C0267,2026-07-21 00:00:00,Delivered
O01298,C0426,2025-04-08 00:00:00,Delivered
O01299,C0493,2025-05-06 00:00:00,Cancelled
O01300,C0224,2026-01-07 00:00:00,Delivered
O01301,C0029,2026-01-03 00:00:00,Delivered
O01302,C0114,2026-04-26 00:00:00,Delivered
O01303,C0053,2026-07-19 00:00:00,Cancelled
O01304,C0380,2026-05-15 00:00:00,Cancelled
O01305,C0493,2025-03-27 00:00:00,Delivered
O01306,C0277,2025-07-08 00:00:00,Pending
O01307,C0089,2026-07-10 00:00:00,Delivered
O01308,C0011,2025-11-30 00:00:00,Delivered
O01309,C0489,2026-06-12 00:00:00,Delivered
O01310,C0159,2025-12-09 00:00:00,Delivered
O01311,C0057,2025-01-31 00:00:00,Delivered
O01312,C0089,2025-10-15 00:00:00,Delivered
O01313,C0128,2026-05-17 00:00:00,Delivered
O01314,C0328,2026-02-03 00:00:00,Delivered
O01315,C0446,2025-03-22 00:00:00,Delivered
O01316,C0138,2025-05-08 00:00:00,Cancelled
O01317,C0344,2026-06-04 00:00:00,Delivered
O01318,C0033,2026-08-19 00:00:00,Cancelled
O01319,C0006,2026-04-03 00:00:00,Delivered
O01320,C0028,2025-03-01 00:00:00,Pending
O01321,C0462,2026-01-12 00:00:00,Delivered
O01322,C0291,2026-05-20 00:00:00,Delivered
O01323,C0403,2026-01-25 00:00:00,Delivered
O01324,C0011,2025-12-28 00:00:00,Cancelled
O01325,C0012,2025-10-12 00:00:00,Delivered
O01326,C0425,2025-05-29 00:00:00,Delivered
O01327,C0052,2025-06-20 00:00:00,Delivered
O01328,C0078,2026-03-30 00:00:00,Delivered
O01329,C0260,2025-02-12 00:00:00,Delivered
O01330,C0304,2025-02-21 00:00:00,Pending
O01331,C0115,2025-08-30 00:00:00,Cancelled
O01332,C0223,2026-04-16 00:00:00,Delivered
O01333,C0338,2026-02-04 00:00:00,Pending
O01334,C0222,2025-12-25 00:00:00,Cancelled
O01335,C0192,2025-11-21 00:00:00,Delivered
O01336,C0036,2025-03-09 00:00:00,Cancelled
O01337,C0226,2025-07-21 00:00:00,Delivered
O01338,C0402,2025-02-18 00:00:00,Pending
O01339,C0314,2026-04-06 00:00:00,Delivered
O01340,C0447,2026-04-02 00:00:00,Delivered
O01341,C0064,2025-06-06 00:00:00,Delivered
O01342,C0006,2025-06-28 00:00:00,Delivered
O01343,C0275,2025-07-13 00:00:00,Cancelled
O01344,C0090,2026-06-25 00:00:00,Pending
O01345,C0297,2025-10-25 00:00:00,Pending
O01346,C0452,2026-04-09 00:00:00,Cancelled
O01347,C0169,2025-09-30 00:00:00,Cancelled
O01348,C0275,2026-03-01 00:00:00,Delivered
O01349,C0341,2025-11-18 00:00:00,Delivered
O01350,C0076,2025-06-19 00:00:00,Cancelled
O01351,C0449,2026-06-17 00:00:00,Delivered
O01352,C0102,2026-03-08 00:00:00,Delivered
O01353,C0405,2026-04-13 00:00:00,Pending
O01354,C0330,2026-07-31 00:00:00,Delivered
O01355,C0071,2025-06-01 00:00:00,Delivered
O01356,C0363,2025-02-25 00:00:00,Pending
O01357,C0099,2025-12-21 00:00:00,Pending
O01358,C0300,2025-07-18 00:00:00,Delivered
O01359,C0480,2025-09-22 00:00:00,Delivered
O01360,C0477,2025-05-23 00:00:00,Delivered
O01361,C0436,2025-08-31 00:00:00,Cancelled
O01362,C0248,2025-08-28 00:00:00,Pending
O01363,C0280,2025-08-02 00:00:00,Delivered
O01364,C0151,2026-03-28 00:00:00,Cancelled
O01365,C0461,2025-12-27 00:00:00,Delivered
O01366,C0239,2025-10-16 00:00:00,Pending
O01367,C0386,2025-03-10 00:00:00,Delivered
O01368,C0180,2025-12-14 00:00:00,Delivered
O01369,C0371,2025-04-17 00:00:00,Delivered
O01370,C0113,2025-07-11 00:00:00,Pending
O01371,C0367,2025-09-10 00:00:00,Cancelled
O01372,C0023,2025-03-27 00:00:00,Delivered
O01373,C0053,2025-08-25 00:00:00,Delivered
O01374,C0177,2025-06-12 00:00:00,Delivered
O01375,C0242,2026-06-01 00:00:00,Pending
O01376,C0356,2026-06-07 00:00:00,Delivered
O01377,C0180,2025-01-03 00:00:00,Delivered
O01378,C0010,2026-01-02 00:00:00,Cancelled
O01379,C0163,2026-01-25 00:00:00,Delivered
O01380,C0220,2025-08-18 00:00:00,Pending
O01381,C0272,2025-10-13 00:00:00,Cancelled
O01382,C0323,2026-04-26 00:00:00,Cancelled
O01383,C0124,2025-08-18 00:00:00,Cancelled
O01384,C0306,2025-02-09 00:00:00,Cancelled
O01385,C0316,2025-08-15 00:00:00,Delivered
O01386,C0389,2025-06-04 00:00:00,Delivered
O01387,C0262,2025-08-21 00:00:00,Delivered
O01388,C0406,2025-05-20 00:00:00,Delivered
O01389,C0111,2025-04-02 00:00:00,Delivered
O01390,C0356,2026-08-23 00:00:00,Delivered
O01391,C0023,2025-03-20 00:00:00,Delivered
O01392,C0052,2026-03-06 00:00:00,Delivered
O01393,C0433,2026-03-13 00:00:00,Delivered
O01394,C0238,2026-01-11 00:00:00,Delivered
O01395,C0311,2026-07-09 00:00:00,Delivered
O01396,C0302,2025-01-04 00:00:00,Pending
O01397,C0348,2025-07-03 00:00:00,Cancelled
O01398,C0123,2025-04-23 00:00:00,Cancelled
O01399,C0090,2025-12-17 00:00:00,Delivered
O01400,C0022,2026-01-22 00:00:00,Cancelled
O01401,C0433,2026-06-30 00:00:00,Cancelled
O01402,C0112,2025-08-19 00:00:00,Delivered
O01403,C0288,2025-05-24 00:00:00,Delivered
O01404,C0228,2026-07-16 00:00:00,Delivered
O01405,C0082,2026-02-14 00:00:00,Cancelled
O01406,C0207,2026-04-10 00:00:00,Delivered
O01407,C0042,2025-09-28 00:00:00,Delivered
O01408,C0089,2025-09-30 00:00:00,Delivered
O01409,C0070,2025-08-25 00:00:00,Delivered
O01410,C0413,2026-04-01 00:00:00,Delivered
O01411,C0284,2025-05-09 00:00:00,Delivered
O01412,C0463,2026-08-17 00:00:00,Delivered
O01413,C0218,2025-04-17 00:00:00,Delivered
O01414,C0101,2025-10-08 00:00:00,Delivered
O01415,C0305,2025-07-11 00:00:00,Delivered
O01416,C0465,2026-01-26 00:00:00,Cancelled
O01417,C0267,2026-02-18 00:00:00,Cancelled
O01418,C0009,2026-07-13 00:00:00,Delivered
O01419,C0152,2026-04-25 00:00:00,Delivered
O01420,C0463,2025-06-01 00:00:00,Delivered
O01421,C0260,2025-05-06 00:00:00,Pending
O01422,C0476,2026-06-24 00:00:00,Delivered
O01423,C0255,2025-10-24 00:00:00,Delivered
O01424,C0007,2025-03-01 00:00:00,Delivered
O01425,C0437,2026-05-17 00:00:00,Delivered
O01426,C0382,2026-01-30 00:00:00,Delivered
O01427,C0358,2025-01-16 00:00:00,Delivered
O01428,C0486,2026-04-21 00:00:00,Delivered
O01429,C0099,2026-01-05 00:00:00,Cancelled
O01430,C0453,2026-01-09 00:00:00,Delivered
O01431,C0117,2026-06-10 00:00:00,Delivered
O01432,C0486,2025-10-29 00:00:00,Delivered
O01433,C0096,2025-10-08 00:00:00,Delivered
O01434,C0276,2026-01-11 00:00:00,Pending
O01435,C0395,2025-05-01 00:00:00,Delivered
O01436,C0040,2025-04-03 00:00:00,Delivered
O01437,C0034,2026-05-29 00:00:00,Cancelled
O01438,C0425,2025-05-12 00:00:00,Delivered
O01439,C0031,2025-11-03 00:00:00,Delivered
O01440,C0307,2025-06-14 00:00:00,Delivered
O01441,C0470,2025-05-21 00:00:00,Cancelled
O01442,C0308,2025-12-30 00:00:00,Delivered
O01443,C0241,2026-05-03 00:00:00,Cancelled
O01444,C0209,2025-09-26 00:00:00,Delivered
O01445,C0320,2025-03-26 00:00:00,Delivered
O01446,C0286,2025-05-29 00:00:00,Pending
O01447,C0251,2025-04-11 00:00:00,Delivered
O01448,C0077,2026-06-21 00:00:00,Delivered
O01449,C0332,2025-07-14 00:00:00,Delivered
O01450,C0370,2025-08-16 00:00:00,Cancelled
O01451,C0355,2025-02-13 00:00:00,Delivered
O01452,C0038,2025-09-29 00:00:00,Delivered
O01453,C0352,2026-07-10 00:00:00,Cancelled
O01454,C0365,2025-09-07 00:00:00,Delivered
O01455,C0092,2026-01-31 00:00:00,Pending
O01456,C0425,2025-04-21 00:00:00,Delivered
O01457,C0262,2025-03-28 00:00:00,Delivered
O01458,C0237,2026-03-21 00:00:00,Delivered
O01459,C0362,2025-02-09 00:00:00,Cancelled
O01460,C0255,2025-09-30 00:00:00,Delivered
O01461,C0273,2025-07-12 00:00:00,Pending
O01462,C0157,2025-01-10 00:00:00,Pending
O01463,C0464,2025-11-19 00:00:00,Delivered
O01464,C0485,2026-08-10 00:00:00,Cancelled
O01465,C0066,2025-02-12 00:00:00,Delivered
O01466,C0367,2026-05-11 00:00:00,Pending
O01467,C0012,2025-11-24 00:00:00,Delivered
O01468,C0185,2026-03-16 00:00:00,Delivered
O01469,C0485,2025-02-28 00:00:00,Cancelled
O01470,C0088,2026-06-13 00:00:00,Cancelled
O01471,C0189,2025-01-07 00:00:00,Delivered
O01472,C0110,2026-07-06 00:00:00,Delivered
O01473,C0365,2026-02-04 00:00:00,Delivered
O01474,C0232,2025-07-25 00:00:00,Cancelled
O01475,C0297,2025-01-05 00:00:00,Delivered
O01476,C0472,2026-01-07 00:00:00,Pending
O01477,C0261,2025-02-23 00:00:00,Pending
O01478,C0368,2026-01-06 00:00:00,Cancelled
O01479,C0049,2026-04-16 00:00:00,Cancelled
O01480,C0108,2025-06-12 00:00:00,Pending
O01481,C0474,2025-05-26 00:00:00,Delivered
O01482,C0430,2025-05-15 00:00:00,Cancelled
O01483,C0329,2025-05-17 00:00:00,Cancelled
O01484,C0190,2025-03-11 00:00:00,Delivered
O01485,C0100,2025-06-01 00:00:00,Pending
O01486,C0426,2026-02-05 00:00:00,Cancelled
O01487,C0393,2025-07-03 00:00:00,Delivered
O01488,C0121,2026-04-20 00:00:00,Delivered
O01489,C0295,2026-05-14 00:00:00,Delivered
O01490,C0310,2026-04-08 00:00:00,Pending
O01491,C0239,2025-11-25 00:00:00,Pending
O01492,C0464,2025-07-12 00:00:00,Pending
O01493,C0063,2026-07-20 00:00:00,Cancelled
O01494,C0129,2025-05-05 00:00:00,Delivered
O01495,C0048,2025-10-10 00:00:00,Pending
O01496,C0347,2025-10-03 00:00:00,Delivered
O01497,C0323,2026-03-30 00:00:00,Delivered
O01498,C0494,2025-11-29 00:00:00,Delivered
O01499,C0272,2026-05-02 00:00:00,Pending
O01500,C0076,2026-07-13 00:00:00,Delivered
O01501,C0226,2025-08-26 00:00:00,Delivered
O01502,C0045,2026-06-16 00:00:00,Delivered
O01503,C0336,2025-04-14 00:00:00,Delivered
O01504,C0338,2026-07-11 00:00:00,Cancelled
O01505,C0429,2025-04-19 00:00:00,Pending
O01506,C0170,2026-06-01 00:00:00,Delivered
O01507,C0156,2025-08-26 00:00:00,Cancelled
O01508,C0036,2026-08-10 00:00:00,Pending
O01509,C0208,2025-03-20 00:00:00,Pending
O01510,C0238,2025-10-11 00:00:00,Delivered
O01511,C0378,2026-07-03 00:00:00,Pending
O01512,C0377,2025-01-29 00:00:00,Delivered
O01513,C0071,2025-06-11 00:00:00,Pending
O01514,C0143,2025-02-20 00:00:00,Delivered
O01515,C0256,2025-07-15 00:00:00,Delivered
O01516,C0168,2025-08-26 00:00:00,Pending
O01517,C0013,2026-01-12 00:00:00,Cancelled
O01518,C0423,2025-06-06 00:00:00,Delivered
O01519,C0366,2025-04-07 00:00:00,Pending
O01520,C0261,2025-04-14 00:00:00,Delivered
O01521,C0159,2026-07-25 00:00:00,Cancelled
O01522,C0422,2026-08-03 00:00:00,Delivered
O01523,C0018,2025-05-15 00:00:00,Delivered
O01524,C0224,2025-04-29 00:00:00,Pending
O01525,C0401,2025-02-02 00:00:00,Pending
O01526,C0477,2026-08-07 00:00:00,Delivered
O01527,C0126,2026-03-06 00:00:00,Delivered
O01528,C0326,2026-04-08 00:00:00,Cancelled
O01529,C0095,2025-06-26 00:00:00,Delivered
O01530,C0058,2026-01-25 00:00:00,Cancelled
O01531,C0177,2025-02-06 00:00:00,Pending
O01532,C0443,2026-02-16 00:00:00,Cancelled
O01533,C0345,2025-12-19 00:00:00,Delivered
O01534,C0245,2025-07-21 00:00:00,Delivered
O01535,C0142,2026-03-08 00:00:00,Cancelled
O01536,C0071,2026-01-29 00:00:00,Delivered
O01537,C0136,2025-09-24 00:00:00,Delivered
O01538,C0077,2025-04-24 00:00:00,Delivered
O01539,C0094,2025-01-15 00:00:00,Cancelled
O01540,C0344,2026-07-25 00:00:00,Delivered
O01541,C0067,2025-06-21 00:00:00,Cancelled
O01542,C0024,2025-07-03 00:00:00,Cancelled
O01543,C0272,2026-02-19 00:00:00,Delivered
O01544,C0144,2025-06-05 00:00:00,Delivered
O01545,C0228,2025-08-17 00:00:00,Delivered
O01546,C0070,2026-03-09 00:00:00,Delivered
O01547,C0105,2025-12-28 00:00:00,Delivered
O01548,C0221,2026-02-04 00:00:00,Delivered
O01549,C0346,2025-01-03 00:00:00,Delivered
O01550,C0208,2025-10-02 00:00:00,Delivered
O01551,C0271,2025-10-16 00:00:00,Delivered
O01552,C0261,2026-01-20 00:00:00,Delivered
O01553,C0135,2025-04-03 00:00:00,Delivered
O01554,C0140,2025-04-07 00:00:00,Cancelled
O01555,C0213,2026-04-09 00:00:00,Delivered
O01556,C0017,2026-02-14 00:00:00,Delivered
O01557,C0343,2026-05-09 00:00:00,Delivered
O01558,C0308,2025-06-14 00:00:00,Pending
O01559,C0154,2026-08-30 00:00:00,Delivered
O01560,C0187,2025-06-15 00:00:00,Cancelled
O01561,C0165,2026-01-31 00:00:00,Delivered
O01562,C0326,2025-04-09 00:00:00,Delivered
O01563,C0380,2026-07-13 00:00:00,Delivered
O01564,C0055,2025-07-22 00:00:00,Delivered
O01565,C0207,2026-05-03 00:00:00,Cancelled
O01566,C0007,2025-07-21 00:00:00,Delivered
O01567,C0227,2026-04-26 00:00:00,Delivered
O01568,C0125,2025-10-04 00:00:00,Delivered
O01569,C0168,2025-02-07 00:00:00,Pending
O01570,C0229,2025-04-26 00:00:00,Delivered
O01571,C0162,2026-02-20 00:00:00,Delivered
O01572,C0198,2025-04-28 00:00:00,Pending
O01573,C0383,2025-06-17 00:00:00,Cancelled
O01574,C0406,2025-11-26 00:00:00,Cancelled
O01575,C0003,2025-06-03 00:00:00,Pending
O01576,C0189,2025-03-20 00:00:00,Delivered
O01577,C0424,2026-01-15 00:00:00,Pending
O01578,C0266,2026-02-23 00:00:00,Delivered
O01579,C0103,2026-03-22 00:00:00,Delivered
O01580,C0297,2026-07-28 00:00:00,Delivered
O01581,C0073,2025-03-17 00:00:00,Cancelled
O01582,C0011,2025-09-17 00:00:00,Pending
O01583,C0317,2025-05-23 00:00:00,Cancelled
O01584,C0258,2026-07-02 00:00:00,Delivered
O01585,C0379,2025-11-25 00:00:00,Delivered
O01586,C0173,2025-03-01 00:00:00,Cancelled
O01587,C0428,2026-02-25 00:00:00,Delivered
O01588,C0211,2025-01-27 00:00:00,Cancelled
O01589,C0370,2025-06-16 00:00:00,Cancelled
O01590,C0051,2026-03-15 00:00:00,Delivered
O01591,C0049,2025-11-04 00:00:00,Delivered
O01592,C0392,2026-04-08 00:00:00,Delivered
O01593,C0417,2025-12-14 00:00:00,Delivered
O01594,C0472,2026-05-28 00:00:00,Delivered
O01595,C0163,2025-12-09 00:00:00,Pending
O01596,C0012,2025-02-04 00:00:00,Pending
O01597,C0490,2025-02-13 00:00:00,Delivered
O01598,C0301,2026-04-18 00:00:00,Delivered
O01599,C0124,2025-01-24 00:00:00,Cancelled
O01600,C0382,2025-08-17 00:00:00,Cancelled
O01601,C0452,2025-01-10 00:00:00,Cancelled
O01602,C0143,2025-07-04 00:00:00,Cancelled
O01603,C0385,2025-12-28 00:00:00,Pending
O01604,C0394,2025-04-16 00:00:00,Pending
O01605,C0251,2025-10-11 00:00:00,Delivered
O01606,C0317,2026-08-29 00:00:00,Delivered
O01607,C0135,2025-02-12 00:00:00,Delivered
O01608,C0465,2025-02-08 00:00:00,Delivered
O01609,C0492,2025-06-14 00:00:00,Delivered
O01610,C0491,2026-05-18 00:00:00,Cancelled
O01611,C0369,2025-09-04 00:00:00,Delivered
O01612,C0022,2026-01-24 00:00:00,Delivered
O01613,C0184,2025-01-21 00:00:00,Delivered
O01614,C0223,2026-03-23 00:00:00,Pending
O01615,C0480,2025-02-10 00:00:00,Delivered
O01616,C0274,2026-03-09 00:00:00,Delivered
O01617,C0269,2025-03-31 00:00:00,Pending
O01618,C0074,2026-06-06 00:00:00,Delivered
O01619,C0397,2025-06-30 00:00:00,Cancelled
O01620,C0169,2025-04-22 00:00:00,Pending
O01621,C0046,2025-07-24 00:00:00,Delivered
O01622,C0494,2025-01-01 00:00:00,Delivered
O01623,C0096,2025-04-11 00:00:00,Delivered
O01624,C0009,2025-12-30 00:00:00,Delivered
O01625,C0039,2025-07-02 00:00:00,Delivered
O01626,C0227,2025-08-04 00:00:00,Delivered
O01627,C0052,2026-05-06 00:00:00,Delivered
O01628,C0422,2025-03-17 00:00:00,Delivered
O01629,C0257,2025-08-29 00:00:00,Delivered
O01630,C0162,2025-04-24 00:00:00,Pending
O01631,C0002,2025-10-21 00:00:00,Cancelled
O01632,C0240,2025-07-21 00:00:00,Delivered
O01633,C0076,2025-01-29 00:00:00,Pending
O01634,C0490,2025-02-12 00:00:00,Delivered
O01635,C0146,2026-06-03 00:00:00,Delivered
O01636,C0238,2025-02-04 00:00:00,Delivered
O01637,C0010,2026-04-21 00:00:00,Delivered
O01638,C0066,2026-07-11 00:00:00,Pending
O01639,C0104,2025-10-11 00:00:00,Pending
O01640,C0026,2025-07-09 00:00:00,Delivered
O01641,C0363,2026-04-18 00:00:00,Delivered
O01642,C0473,2026-08-21 00:00:00,Pending
O01643,C0493,2025-03-15 00:00:00,Cancelled
O01644,C0133,2026-08-10 00:00:00,Pending
O01645,C0395,2026-07-28 00:00:00,Delivered
O01646,C0253,2025-03-28 00:00:00,Delivered
O01647,C0023,2025-02-03 00:00:00,Delivered
O01648,C0046,2026-03-11 00:00:00,Pending
O01649,C0274,2025-02-17 00:00:00,Pending
O01650,C0212,2026-01-01 00:00:00,Cancelled
O01651,C0005,2025-02-09 00:00:00,Cancelled
O01652,C0466,2026-02-24 00:00:00,Delivered
O01653,C0366,2025-05-21 00:00:00,Delivered
O01654,C0252,2025-02-28 00:00:00,Delivered
O01655,C0494,2025-02-10 00:00:00,Delivered
O01656,C0486,2025-04-25 00:00:00,Pending
O01657,C0487,2025-11-25 00:00:00,Delivered
O01658,C0130,2025-02-16 00:00:00,Cancelled
O01659,C0441,2026-05-03 00:00:00,Delivered
O01660,C0253,2026-01-03 00:00:00,Cancelled
O01661,C0364,2025-06-30 00:00:00,Delivered
O01662,C0430,2026-08-23 00:00:00,Pending
O01663,C0082,2026-02-05 00:00:00,Delivered
O01664,C0225,2026-02-13 00:00:00,Delivered
O01665,C0065,2025-04-16 00:00:00,Delivered
O01666,C0140,2026-03-09 00:00:00,Pending
O01667,C0207,2025-12-06 00:00:00,Cancelled
O01668,C0428,2026-08-22 00:00:00,Pending
O01669,C0432,2025-10-18 00:00:00,Delivered
O01670,C0195,2026-02-17 00:00:00,Delivered
O01671,C0165,2025-07-27 00:00:00,Pending
O01672,C0266,2025-01-25 00:00:00,Delivered
O01673,C0456,2025-03-19 00:00:00,Delivered
O01674,C0489,2026-06-12 00:00:00,Delivered
O01675,C0114,2026-03-25 00:00:00,Pending
O01676,C0094,2025-08-10 00:00:00,Pending
O01677,C0354,2026-03-01 00:00:00,Pending
O01678,C0151,2025-01-03 00:00:00,Delivered
O01679,C0100,2025-01-23 00:00:00,Delivered
O01680,C0016,2025-11-05 00:00:00,Cancelled
O01681,C0202,2026-01-15 00:00:00,Pending
O01682,C0196,2026-07-24 00:00:00,Delivered
O01683,C0282,2026-04-07 00:00:00,Pending
O01684,C0101,2025-06-06 00:00:00,Delivered
O01685,C0358,2026-05-11 00:00:00,Delivered
O01686,C0341,2025-10-26 00:00:00,Cancelled
O01687,C0232,2026-05-18 00:00:00,Cancelled
O01688,C0091,2025-04-16 00:00:00,Delivered
O01689,C0254,2025-01-16 00:00:00,Delivered
O01690,C0338,2025-02-05 00:00:00,Pending
O01691,C0187,2026-08-26 00:00:00,Pending
O01692,C0132,2025-02-18 00:00:00,Delivered
O01693,C0254,2026-07-26 00:00:00,Pending
O01694,C0178,2026-03-19 00:00:00,Pending
O01695,C0201,2025-03-30 00:00:00,Pending
O01696,C0175,2026-06-10 00:00:00,Delivered
O01697,C0152,2025-03-29 00:00:00,Delivered
O01698,C0359,2025-03-29 00:00:00,Pending
O01699,C0231,2025-12-16 00:00:00,Pending
O01700,C0234,2025-06-25 00:00:00,Cancelled
O01701,C0327,2025-06-26 00:00:00,Delivered
O01702,C0181,2025-04-29 00:00:00,Delivered
O01703,C0051,2026-01-05 00:00:00,Delivered
O01704,C0427,2025-01-17 00:00:00,Delivered
O01705,C0028,2025-05-30 00:00:00,Delivered
O01706,C0286,2025-12-03 00:00:00,Delivered
O01707,C0133,2025-10-23 00:00:00,Cancelled
O01708,C0107,2026-03-02 00:00:00,Delivered
O01709,C0021,2025-05-12 00:00:00,Delivered
O01710,C0451,2026-01-29 00:00:00,Pending
O01711,C0215,2026-04-08 00:00:00,Delivered
O01712,C0172,2025-08-24 00:00:00,Delivered
O01713,C0371,2025-06-06 00:00:00,Delivered
O01714,C0020,2025-12-04 00:00:00,Delivered
O01715,C0283,2025-12-18 00:00:00,Delivered
O01716,C0248,2025-02-27 00:00:00,Delivered
O01717,C0277,2025-12-10 00:00:00,Pending
O01718,C0062,2025-04-04 00:00:00,Delivered
O01719,C0477,2025-12-12 00:00:00,Delivered
O01720,C0120,2026-07-21 00:00:00,Cancelled
O01721,C0340,2025-11-23 00:00:00,Pending
O01722,C0374,2026-04-08 00:00:00,Delivered
O01723,C0172,2025-07-08 00:00:00,Delivered
O01724,C0066,2026-07-16 00:00:00,Cancelled
O01725,C0149,2026-05-10 00:00:00,Delivered
O01726,C0404,2026-07-12 00:00:00,Pending
O01727,C0454,2026-03-27 00:00:00,Delivered
O01728,C0469,2026-01-30 00:00:00,Delivered
O01729,C0114,2025-11-16 00:00:00,Cancelled
O01730,C0304,2026-07-19 00:00:00,Delivered
O01731,C0076,2026-05-31 00:00:00,Delivered
O01732,C0356,2025-09-11 00:00:00,Delivered
O01733,C0208,2025-02-22 00:00:00,Delivered
O01734,C0357,2025-01-03 00:00:00,Delivered
O01735,C0343,2025-05-22 00:00:00,Delivered
O01736,C0497,2025-02-08 00:00:00,Delivered
O01737,C0245,2025-05-09 00:00:00,Cancelled
O01738,C0171,2025-03-08 00:00:00,Pending
O01739,C0264,2026-08-20 00:00:00,Delivered
O01740,C0082,2025-02-27 00:00:00,Cancelled
O01741,C0056,2026-01-17 00:00:00,Delivered
O01742,C0260,2025-08-02 00:00:00,Delivered
O01743,C0413,2025-04-16 00:00:00,Pending
O01744,C0267,2026-03-03 00:00:00,Cancelled
O01745,C0391,2026-08-14 00:00:00,Delivered
O01746,C0089,2026-04-26 00:00:00,Delivered
O01747,C0225,2026-08-16 00:00:00,Cancelled
O01748,C0307,2025-12-25 00:00:00,Pending
O01749,C0174,2026-02-14 00:00:00,Delivered
O01750,C0008,2025-03-31 00:00:00,Delivered
O01751,C0037,2026-06-03 00:00:00,Delivered
O01752,C0464,2026-03-31 00:00:00,Cancelled
O01753,C0303,2025-06-04 00:00:00,Delivered
O01754,C0133,2025-08-04 00:00:00,Pending
O01755,C0130,2026-01-07 00:00:00,Pending
O01756,C0020,2025-01-08 00:00:00,Cancelled
O01757,C0473,2026-05-13 00:00:00,Delivered
O01758,C0055,2025-06-20 00:00:00,Pending
O01759,C0380,2025-02-15 00:00:00,Cancelled
O01760,C0121,2025-07-21 00:00:00,Delivered
O01761,C0168,2026-05-24 00:00:00,Delivered
O01762,C0137,2025-06-16 00:00:00,Pending
O01763,C0413,2025-11-24 00:00:00,Pending
O01764,C0017,2026-05-09 00:00:00,Delivered
O01765,C0177,2025-01-21 00:00:00,Delivered
O01766,C0140,2026-04-08 00:00:00,Cancelled
O01767,C0137,2025-06-25 00:00:00,Cancelled
O01768,C0097,2026-02-27 00:00:00,Delivered
O01769,C0457,2025-04-25 00:00:00,Pending
O01770,C0190,2025-03-26 00:00:00,Delivered
O01771,C0210,2026-04-25 00:00:00,Pending
O01772,C0193,2026-05-07 00:00:00,Delivered
O01773,C0491,2026-08-20 00:00:00,Delivered
O01774,C0170,2026-02-16 00:00:00,Delivered
O01775,C0171,2025-10-11 00:00:00,Delivered
O01776,C0164,2025-04-29 00:00:00,Cancelled
O01777,C0164,2025-06-29 00:00:00,Delivered
O01778,C0045,2026-01-30 00:00:00,Pending
O01779,C0303,2025-07-30 00:00:00,Delivered
O01780,C0013,2025-10-21 00:00:00,Pending
O01781,C0113,2025-04-13 00:00:00,Pending
O01782,C0102,2025-09-25 00:00:00,Delivered
O01783,C0146,2025-05-25 00:00:00,Cancelled
O01784,C0379,2025-03-10 00:00:00,Pending
O01785,C0300,2025-03-22 00:00:00,Delivered
O01786,C0496,2025-11-12 00:00:00,Delivered
O01787,C0176,2025-08-11 00:00:00,Pending
O01788,C0465,2025-03-02 00:00:00,Delivered
O01789,C0023,2025-11-09 00:00:00,Delivered
O01790,C0253,2025-04-10 00:00:00,Pending
O01791,C0400,2025-01-10 00:00:00,Cancelled
O01792,C0266,2025-03-22 00:00:00,Delivered
O01793,C0467,2025-09-30 00:00:00,Delivered
O01794,C0158,2026-08-04 00:00:00,Delivered
O01795,C0017,2025-05-27 00:00:00,Pending
O01796,C0387,2025-06-23 00:00:00,Delivered
O01797,C0035,2025-05-28 00:00:00,Cancelled
O01798,C0383,2025-08-04 00:00:00,Delivered
O01799,C0367,2026-03-13 00:00:00,Delivered
O01800,C0423,2025-07-15 00:00:00,Pending
O01801,C0240,2026-02-04 00:00:00,Pending
O01802,C0448,2026-07-01 00:00:00,Delivered
O01803,C0085,2026-07-30 00:00:00,Delivered
O01804,C0218,2025-12-09 00:00:00,Delivered
O01805,C0061,2026-03-10 00:00:00,Cancelled
O01806,C0384,2026-07-13 00:00:00,Delivered
O01807,C0358,2026-04-24 00:00:00,Delivered
O01808,C0404,2025-07-02 00:00:00,Delivered
O01809,C0383,2025-03-22 00:00:00,Delivered
O01810,C0155,2025-03-11 00:00:00,Cancelled
O01811,C0035,2026-06-21 00:00:00,Delivered
O01812,C0465,2025-12-05 00:00:00,Pending
O01813,C0247,2025-06-30 00:00:00,Pending
O01814,C0048,2025-07-30 00:00:00,Cancelled
O01815,C0464,2025-06-21 00:00:00,Delivered
O01816,C0498,2026-05-03 00:00:00,Pending
O01817,C0223,2026-01-08 00:00:00,Cancelled
O01818,C0386,2026-06-19 00:00:00,Delivered
O01819,C0019,2025-07-03 00:00:00,Delivered
O01820,C0047,2025-10-15 00:00:00,Pending
O01821,C0139,2025-03-16 00:00:00,Delivered
O01822,C0329,2026-08-14 00:00:00,Delivered
O01823,C0067,2025-11-08 00:00:00,Pending
O01824,C0018,2025-12-03 00:00:00,Delivered
O01825,C0335,2025-09-09 00:00:00,Cancelled
O01826,C0386,2025-06-14 00:00:00,Cancelled
O01827,C0370,2026-07-31 00:00:00,Delivered
O01828,C0400,2025-10-25 00:00:00,Delivered
O01829,C0402,2026-02-15 00:00:00,Delivered
O01830,C0302,2025-01-23 00:00:00,Pending
O01831,C0260,2025-06-17 00:00:00,Delivered
O01832,C0429,2026-05-04 00:00:00,Cancelled
O01833,C0175,2025-02-23 00:00:00,Pending
O01834,C0049,2025-03-03 00:00:00,Pending
O01835,C0376,2026-05-08 00:00:00,Delivered
O01836,C0138,2025-07-07 00:00:00,Delivered
O01837,C0490,2025-06-16 00:00:00,Cancelled
O01838,C0208,2025-12-10 00:00:00,Delivered
O01839,C0426,2025-04-29 00:00:00,Cancelled
O01840,C0022,2025-01-27 00:00:00,Cancelled
O01841,C0330,2025-01-03 00:00:00,Cancelled
O01842,C0225,2025-02-18 00:00:00,Delivered
O01843,C0232,2025-04-07 00:00:00,Cancelled
O01844,C0133,2026-02-28 00:00:00,Delivered
O01845,C0486,2025-07-01 00:00:00,Pending
O01846,C0197,2025-02-13 00:00:00,Cancelled
O01847,C0426,2025-01-09 00:00:00,Pending
O01848,C0213,2025-10-18 00:00:00,Pending
O01849,C0025,2026-05-26 00:00:00,Pending
O01850,C0440,2025-07-25 00:00:00,Cancelled
O01851,C0093,2025-02-08 00:00:00,Delivered
O01852,C0136,2025-05-19 00:00:00,Delivered
O01853,C0431,2025-10-31 00:00:00,Delivered
O01854,C0447,2025-04-25 00:00:00,Delivered
O01855,C0459,2026-08-18 00:00:00,Cancelled
O01856,C0213,2026-04-10 00:00:00,Delivered
O01857,C0379,2025-07-29 00:00:00,Delivered
O01858,C0164,2026-08-02 00:00:00,Delivered
O01859,C0371,2025-07-17 00:00:00,Cancelled
O01860,C0252,2025-03-27 00:00:00,Delivered
O01861,C0026,2026-07-25 00:00:00,Delivered
O01862,C0209,2026-08-07 00:00:00,Delivered
O01863,C0234,2025-07-10 00:00:00,Pending
O01864,C0129,2025-12-28 00:00:00,Delivered
O01865,C0188,2025-04-16 00:00:00,Delivered
O01866,C0252,2026-01-26 00:00:00,Delivered
O01867,C0025,2026-02-24 00:00:00,Delivered
O01868,C0076,2026-03-08 00:00:00,Delivered
O01869,C0384,2025-12-12 00:00:00,Pending
O01870,C0176,2026-03-05 00:00:00,Delivered
O01871,C0305,2025-12-04 00:00:00,Delivered
O01872,C0283,2026-05-14 00:00:00,Delivered
O01873,C0276,2025-04-20 00:00:00,Delivered
O01874,C0207,2025-10-21 00:00:00,Cancelled
O01875,C0242,2025-09-11 00:00:00,Cancelled
O01876,C0412,2025-11-21 00:00:00,Delivered
O01877,C0483,2025-03-28 00:00:00,Cancelled
O01878,C0129,2025-07-16 00:00:00,Pending
O01879,C0335,2026-08-04 00:00:00,Delivered
O01880,C0485,2025-03-05 00:00:00,Delivered
O01881,C0004,2026-01-22 00:00:00,Pending
O01882,C0393,2026-02-09 00:00:00,Delivered
O01883,C0249,2025-10-16 00:00:00,Cancelled
O01884,C0484,2025-01-21 00:00:00,Delivered
O01885,C0290,2025-01-21 00:00:00,Delivered
O01886,C0420,2025-06-17 00:00:00,Delivered
O01887,C0084,2025-03-04 00:00:00,Delivered
O01888,C0072,2025-02-27 00:00:00,Delivered
O01889,C0464,2025-04-08 00:00:00,Delivered
O01890,C0264,2025-04-26 00:00:00,Pending
O01891,C0280,2026-05-25 00:00:00,Delivered
O01892,C0085,2026-01-24 00:00:00,Pending
O01893,C0114,2025-01-19 00:00:00,Delivered
O01894,C0410,2026-01-18 00:00:00,Delivered
O01895,C0152,2025-03-25 00:00:00,Delivered
O01896,C0293,2025-09-14 00:00:00,Delivered
O01897,C0159,2025-01-24 00:00:00,Pending
O01898,C0132,2025-02-24 00:00:00,Cancelled
O01899,C0084,2025-03-22 00:00:00,Delivered
O01900,C0465,2025-09-21 00:00:00,Delivered
O01901,C0471,2025-10-09 00:00:00,Delivered
O01902,C0058,2025-08-03 00:00:00,Delivered
O01903,C0177,2026-01-13 00:00:00,Delivered
O01904,C0282,2026-03-15 00:00:00,Cancelled
O01905,C0192,2026-03-20 00:00:00,Delivered
O01906,C0361,2025-12-19 00:00:00,Delivered
O01907,C0131,2025-11-28 00:00:00,Delivered
O01908,C0030,2025-10-26 00:00:00,Cancelled
O01909,C0169,2025-05-25 00:00:00,Delivered
O01910,C0299,2025-10-24 00:00:00,Delivered
O01911,C0091,2025-01-07 00:00:00,Delivered
O01912,C0408,2026-08-11 00:00:00,Delivered
O01913,C0007,2025-08-14 00:00:00,Cancelled
O01914,C0034,2026-04-05 00:00:00,Delivered
O01915,C0255,2026-08-05 00:00:00,Delivered
O01916,C0257,2025-10-30 00:00:00,Cancelled
O01917,C0148,2026-06-08 00:00:00,Delivered
O01918,C0130,2025-10-19 00:00:00,Delivered
O01919,C0035,2025-03-22 00:00:00,Pending
O01920,C0332,2025-01-17 00:00:00,Cancelled
O01921,C0190,2025-03-24 00:00:00,Cancelled
O01922,C0060,2026-07-28 00:00:00,Cancelled
O01923,C0200,2025-10-16 00:00:00,Cancelled
O01924,C0469,2025-07-14 00:00:00,Cancelled
O01925,C0131,2025-09-29 00:00:00,Delivered
O01926,C0448,2025-06-05 00:00:00,Delivered
O01927,C0130,2026-06-14 00:00:00,Delivered
O01928,C0093,2026-08-31 00:00:00,Delivered
O01929,C0131,2025-02-21 00:00:00,Cancelled
O01930,C0162,2026-03-13 00:00:00,Delivered
O01931,C0061,2025-07-24 00:00:00,Pending
O01932,C0294,2025-01-29 00:00:00,Delivered
O01933,C0167,2026-07-15 00:00:00,Delivered
O01934,C0360,2025-02-07 00:00:00,Pending
O01935,C0246,2025-05-06 00:00:00,Delivered
O01936,C0222,2025-01-16 00:00:00,Delivered
O01937,C0236,2025-10-14 00:00:00,Delivered
O01938,C0079,2025-12-31 00:00:00,Pending
O01939,C0357,2025-07-14 00:00:00,Cancelled
O01940,C0053,2025-02-13 00:00:00,Delivered
O01941,C0361,2025-03-12 00:00:00,Delivered
O01942,C0500,2026-07-22 00:00:00,Delivered
O01943,C0382,2026-05-05 00:00:00,Cancelled
O01944,C0228,2026-07-24 00:00:00,Delivered
O01945,C0158,2025-11-19 00:00:00,Cancelled
O01946,C0437,2025-11-29 00:00:00,Cancelled
O01947,C0129,2026-04-23 00:00:00,Delivered
O01948,C0242,2026-01-10 00:00:00,Delivered
O01949,C0386,2025-09-23 00:00:00,Cancelled
O01950,C0462,2025-06-27 00:00:00,Delivered
O01951,C0461,2025-10-23 00:00:00,Pending
O01952,C0044,2025-02-08 00:00:00,Cancelled
O01953,C0450,2025-04-28 00:00:00,Pending
O01954,C0058,2026-03-25 00:00:00,Delivered
O01955,C0293,2026-06-12 00:00:00,Pending
O01956,C0465,2025-03-03 00:00:00,Delivered
O01957,C0328,2025-02-28 00:00:00,Delivered
O01958,C0474,2025-02-22 00:00:00,Delivered
O01959,C0173,2026-04-27 00:00:00,Cancelled
O01960,C0158,2025-07-09 00:00:00,Delivered
O01961,C0164,2025-07-18 00:00:00,Delivered
O01962,C0178,2025-01-08 00:00:00,Delivered
O01963,C0342,2026-08-15 00:00:00,Cancelled
O01964,C0227,2025-09-21 00:00:00,Delivered
O01965,C0369,2026-04-30 00:00:00,Delivered
O01966,C0209,2026-03-07 00:00:00,Cancelled
O01967,C0154,2025-03-28 00:00:00,Delivered
O01968,C0096,2026-05-03 00:00:00,Delivered
O01969,C0276,2025-12-01 00:00:00,Delivered
O01970,C0450,2026-01-03 00:00:00,Delivered
O01971,C0430,2025-05-02 00:00:00,Delivered
O01972,C0127,2026-05-30 00:00:00,Delivered
O01973,C0239,2026-07-21 00:00:00,Delivered
O01974,C0353,2025-09-05 00:00:00,Delivered
O01975,C0307,2025-02-26 00:00:00,Delivered
O01976,C0034,2026-06-01 00:00:00,Delivered
O01977,C0296,2026-06-24 00:00:00,Delivered
O01978,C0020,2025-11-04 00:00:00,Delivered
O01979,C0059,2025-12-19 00:00:00,Delivered
O01980,C0327,2025-05-16 00:00:00,Delivered
O01981,C0052,2025-02-11 00:00:00,Pending
O01982,C0170,2026-07-29 00:00:00,Delivered
O01983,C0295,2025-10-21 00:00:00,Pending
O01984,C0328,2025-06-17 00:00:00,Pending
O01985,C0223,2026-02-26 00:00:00,Pending
O01986,C0048,2025-01-16 00:00:00,Pending
O01987,C0400,2025-02-18 00:00:00,Delivered
O01988,C0475,2025-05-28 00:00:00,Delivered
O01989,C0445,2025-10-01 00:00:00,Cancelled
O01990,C0375,2025-08-11 00:00:00,Delivered
O01991,C0202,2025-04-24 00:00:00,Delivered
O01992,C0439,2025-08-02 00:00:00,Delivered
O01993,C0245,2025-07-23 00:00:00,Pending
O01994,C0069,2025-11-15 00:00:00,Pending
O01995,C0426,2025-12-09 00:00:00,Delivered
O01996,C0161,2026-06-21 00:00:00,Delivered
O01997,C0470,2026-05-06 00:00:00,Delivered
O01998,C0185,2025-06-27 00:00:00,Delivered
O01999,C0435,2026-07-03 00:00:00,Delivered
O02000,C0269,2025-11-13 00:00:00,Delivered
O02001,C0234,2025-04-25 00:00:00,Delivered
O02002,C0149,2025-07-26 00:00:00,Delivered
O02003,C0418,2026-03-27 00:00:00,Delivered
O02004,C0031,2026-05-15 00:00:00,Delivered
O02005,C0235,2025-08-16 00:00:00,Delivered
O02006,C0185,2025-04-06 00:00:00,Pending
O02007,C0272,2025-04-27 00:00:00,Cancelled
O02008,C0128,2025-03-04 00:00:00,Pending
O02009,C0333,2026-03-01 00:00:00,Delivered
O02010,C0193,2025-11-02 00:00:00,Delivered
O02011,C0095,2025-10-02 00:00:00,Pending
O02012,C0099,2026-02-13 00:00:00,Delivered
O02013,C0349,2026-05-19 00:00:00,Cancelled
O02014,C0131,2026-04-29 00:00:00,Delivered
O02015,C0154,2025-03-25 00:00:00,Delivered
O02016,C0314,2025-12-25 00:00:00,Delivered
O02017,C0165,2026-06-21 00:00:00,Delivered
O02018,C0195,2026-04-16 00:00:00,Delivered
O02019,C0123,2025-07-20 00:00:00,Cancelled
O02020,C0173,2025-08-27 00:00:00,Delivered
O02021,C0347,2026-06-26 00:00:00,Delivered
O02022,C0267,2025-01-20 00:00:00,Pending
O02023,C0499,2025-11-16 00:00:00,Delivered
O02024,C0386,2025-03-12 00:00:00,Pending
O02025,C0009,2026-06-28 00:00:00,Cancelled
O02026,C0190,2025-01-24 00:00:00,Cancelled
O02027,C0145,2025-01-15 00:00:00,Pending
O02028,C0294,2025-07-19 00:00:00,Cancelled
O02029,C0133,2025-05-02 00:00:00,Delivered
O02030,C0484,2025-10-29 00:00:00,Delivered
O02031,C0150,2025-07-02 00:00:00,Delivered
O02032,C0261,2025-08-05 00:00:00,Delivered
O02033,C0062,2025-12-10 00:00:00,Cancelled
O02034,C0455,2025-12-07 00:00:00,Delivered
O02035,C0456,2026-07-23 00:00:00,Cancelled
O02036,C0397,2025-10-20 00:00:00,Delivered
O02037,C0176,2025-12-10 00:00:00,Delivered
O02038,C0030,2026-02-17 00:00:00,Delivered
O02039,C0356,2025-04-16 00:00:00,Cancelled
O02040,C0215,2026-02-10 00:00:00,Pending
O02041,C0496,2026-06-09 00:00:00,Cancelled
O02042,C0350,2025-07-13 00:00:00,Delivered
O02043,C0270,2025-04-19 00:00:00,Cancelled
O02044,C0494,2025-07-30 00:00:00,Delivered
O02045,C0401,2025-06-17 00:00:00,Delivered
O02046,C0230,2025-12-22 00:00:00,Delivered
O02047,C0010,2026-06-10 00:00:00,Delivered
O02048,C0047,2025-12-29 00:00:00,Pending
O02049,C0222,2025-03-18 00:00:00,Cancelled
O02050,C0282,2025-07-11 00:00:00,Delivered
O02051,C0016,2026-02-24 00:00:00,Pending
O02052,C0064,2025-07-20 00:00:00,Delivered
O02053,C0353,2025-12-23 00:00:00,Delivered
O02054,C0376,2026-02-26 00:00:00,Delivered
O02055,C0015,2025-07-20 00:00:00,Delivered
O02056,C0254,2026-01-29 00:00:00,Cancelled
O02057,C0041,2025-08-31 00:00:00,Pending
O02058,C0362,2025-03-24 00:00:00,Pending
O02059,C0418,2025-08-15 00:00:00,Pending
O02060,C0435,2025-09-26 00:00:00,Delivered
O02061,C0300,2025-01-02 00:00:00,Delivered
O02062,C0315,2026-06-27 00:00:00,Pending
O02063,C0464,2025-11-17 00:00:00,Pending
O02064,C0307,2025-01-23 00:00:00,Delivered
O02065,C0224,2026-06-12 00:00:00,Delivered
O02066,C0378,2026-06-04 00:00:00,Cancelled
O02067,C0296,2025-01-08 00:00:00,Delivered
O02068,C0422,2025-04-10 00:00:00,Delivered
O02069,C0263,2025-08-10 00:00:00,Pending
O02070,C0435,2025-11-05 00:00:00,Delivered
O02071,C0023,2026-03-18 00:00:00,Delivered
O02072,C0019,2025-09-15 00:00:00,Cancelled
O02073,C0050,2026-01-07 00:00:00,Delivered
O02074,C0279,2025-01-07 00:00:00,Delivered
O02075,C0355,2026-02-05 00:00:00,Pending
O02076,C0109,2026-07-11 00:00:00,Delivered
O02077,C0078,2025-11-16 00:00:00,Cancelled
O02078,C0431,2025-10-04 00:00:00,Pending
O02079,C0376,2025-06-30 00:00:00,Delivered
O02080,C0325,2026-08-04 00:00:00,Pending
O02081,C0245,2025-01-21 00:00:00,Delivered
O02082,C0211,2025-06-24 00:00:00,Delivered
O02083,C0011,2025-03-26 00:00:00,Pending
O02084,C0095,2026-06-11 00:00:00,Cancelled
O02085,C0449,2025-10-21 00:00:00,Pending
O02086,C0170,2026-07-15 00:00:00,Cancelled
O02087,C0353,2026-02-09 00:00:00,Cancelled
O02088,C0352,2025-12-05 00:00:00,Delivered
O02089,C0155,2025-11-11 00:00:00,Delivered
O02090,C0103,2025-05-04 00:00:00,Pending
O02091,C0346,2025-12-08 00:00:00,Cancelled
O02092,C0047,2026-02-21 00:00:00,Delivered
O02093,C0248,2026-08-10 00:00:00,Delivered
O02094,C0445,2025-11-30 00:00:00,Cancelled
O02095,C0356,2026-07-25 00:00:00,Delivered
O02096,C0383,2026-07-29 00:00:00,Delivered
O02097,C0042,2025-11-14 00:00:00,Cancelled
O02098,C0100,2025-09-25 00:00:00,Delivered
O02099,C0138,2025-03-28 00:00:00,Cancelled
O02100,C0147,2025-06-13 00:00:00,Delivered
O02101,C0098,2026-06-19 00:00:00,Pending
O02102,C0487,2025-03-26 00:00:00,Delivered
O02103,C0083,2025-08-30 00:00:00,Pending
O02104,C0355,2026-03-01 00:00:00,Pending
O02105,C0294,2025-05-27 00:00:00,Delivered
O02106,C0306,2026-08-16 00:00:00,Pending
O02107,C0108,2026-01-30 00:00:00,Cancelled
O02108,C0154,2025-01-18 00:00:00,Delivered
O02109,C0304,2025-05-31 00:00:00,Delivered
O02110,C0150,2026-03-27 00:00:00,Delivered
O02111,C0348,2026-06-09 00:00:00,Delivered
O02112,C0020,2026-07-18 00:00:00,Delivered
O02113,C0037,2026-06-02 00:00:00,Pending
O02114,C0365,2025-02-15 00:00:00,Delivered
O02115,C0309,2026-03-20 00:00:00,Delivered
O02116,C0022,2025-03-08 00:00:00,Delivered
O02117,C0450,2025-02-16 00:00:00,Delivered
O02118,C0003,2026-02-25 00:00:00,Pending
O02119,C0478,2025-10-18 00:00:00,Delivered
O02120,C0365,2026-01-29 00:00:00,Cancelled
O02121,C0495,2026-06-02 00:00:00,Delivered
O02122,C0475,2025-02-11 00:00:00,Delivered
O02123,C0157,2025-11-17 00:00:00,Cancelled
O02124,C0379,2026-05-23 00:00:00,Delivered
O02125,C0106,2025-09-25 00:00:00,Cancelled
O02126,C0236,2025-11-15 00:00:00,Cancelled
O02127,C0121,2025-10-30 00:00:00,Cancelled
O02128,C0244,2026-07-06 00:00:00,Delivered
O02129,C0437,2025-01-31 00:00:00,Delivered
O02130,C0219,2026-06-18 00:00:00,Delivered
O02131,C0047,2026-05-12 00:00:00,Delivered
O02132,C0163,2026-05-10 00:00:00,Delivered
O02133,C0394,2025-09-08 00:00:00,Cancelled
O02134,C0261,2025-11-10 00:00:00,Delivered
O02135,C0281,2025-08-13 00:00:00,Pending
O02136,C0216,2025-06-03 00:00:00,Delivered
O02137,C0147,2026-06-17 00:00:00,Delivered
O02138,C0300,2025-11-04 00:00:00,Cancelled
O02139,C0317,2026-03-16 00:00:00,Delivered
O02140,C0450,2025-03-03 00:00:00,Delivered
O02141,C0309,2026-04-25 00:00:00,Cancelled
O02142,C0498,2026-02-05 00:00:00,Delivered
O02143,C0414,2026-08-30 00:00:00,Cancelled
O02144,C0040,2025-03-23 00:00:00,Delivered
O02145,C0197,2025-11-25 00:00:00,Pending
O02146,C0193,2025-11-07 00:00:00,Pending
O02147,C0002,2025-11-24 00:00:00,Pending
O02148,C0091,2025-02-03 00:00:00,Delivered
O02149,C0382,2025-10-15 00:00:00,Delivered
O02150,C0177,2025-07-02 00:00:00,Delivered
O02151,C0074,2026-01-11 00:00:00,Delivered
O02152,C0144,2025-05-22 00:00:00,Delivered
O02153,C0138,2025-09-22 00:00:00,Cancelled
O02154,C0088,2026-01-12 00:00:00,Delivered
O02155,C0051,2025-02-08 00:00:00,Pending
O02156,C0383,2026-04-24 00:00:00,Delivered
O02157,C0413,2026-03-12 00:00:00,Cancelled
O02158,C0249,2025-02-04 00:00:00,Cancelled
O02159,C0308,2025-02-09 00:00:00,Pending
O02160,C0460,2026-06-01 00:00:00,Delivered
O02161,C0422,2025-06-22 00:00:00,Cancelled
O02162,C0017,2026-06-08 00:00:00,Delivered
O02163,C0477,2025-10-31 00:00:00,Delivered
O02164,C0034,2025-07-28 00:00:00,Delivered
O02165,C0014,2025-06-16 00:00:00,Pending
O02166,C0202,2026-02-05 00:00:00,Cancelled
O02167,C0373,2025-03-08 00:00:00,Pending
O02168,C0041,2025-09-02 00:00:00,Pending
O02169,C0147,2025-07-30 00:00:00,Delivered
O02170,C0132,2025-04-04 00:00:00,Cancelled
O02171,C0199,2025-08-03 00:00:00,Delivered
O02172,C0494,2025-11-18 00:00:00,Delivered
O02173,C0166,2026-02-16 00:00:00,Delivered
O02174,C0105,2025-02-22 00:00:00,Cancelled
O02175,C0062,2026-06-15 00:00:00,Pending
O02176,C0100,2026-06-19 00:00:00,Cancelled
O02177,C0067,2026-02-25 00:00:00,Pending
O02178,C0287,2026-07-16 00:00:00,Delivered
O02179,C0211,2025-09-18 00:00:00,Pending
O02180,C0249,2026-05-15 00:00:00,Delivered
O02181,C0417,2026-03-19 00:00:00,Cancelled
O02182,C0291,2025-12-09 00:00:00,Cancelled
O02183,C0078,2025-04-20 00:00:00,Cancelled
O02184,C0189,2025-12-06 00:00:00,Delivered
O02185,C0157,2026-07-03 00:00:00,Cancelled
O02186,C0414,2026-08-22 00:00:00,Cancelled
O02187,C0154,2025-09-30 00:00:00,Pending
O02188,C0070,2025-05-31 00:00:00,Delivered
O02189,C0369,2026-03-31 00:00:00,Delivered
O02190,C0215,2025-02-16 00:00:00,Delivered
O02191,C0048,2025-04-02 00:00:00,Delivered
O02192,C0345,2025-12-08 00:00:00,Delivered
O02193,C0106,2026-08-26 00:00:00,Delivered
O02194,C0435,2025-07-19 00:00:00,Cancelled
O02195,C0417,2025-09-27 00:00:00,Delivered
O02196,C0185,2025-07-15 00:00:00,Pending
O02197,C0278,2025-09-25 00:00:00,Cancelled
O02198,C0284,2025-01-05 00:00:00,Delivered
O02199,C0327,2025-12-28 00:00:00,Delivered
O02200,C0035,2025-12-29 00:00:00,Delivered
